Rk,X,Tm,FantPos,Age,G,GS,Cmp,Att,Yds,TD,Int,Att.1,Yds.1,Y.A,TD.1,Tgt,Rec,Yds.2,Y.R,TD.2,FantPt,DKPt,FDPt,VBD,PosRank,OvRank,namecode
1,DeAngelo Williams\WillDe02,CAR,RB,25,16,16,0,0,0,0,0,273,1515,5.55,18,30,22,121,5.50,2,286,313.6,296.6,137,1,1,WillDe02
2,Michael Turner*+\TurnMi00,ATL,RB,26,16,16,0,0,0,0,0,376,1699,4.52,17,9,6,41,6.83,0,276,283.5,276.0,128,2,2,TurnMi00
3,Adrian Peterson*+\PeteAd01,MIN,RB,23,16,15,0,0,0,0,0,363,1760,4.85,10,39,21,125,5.95,0,249,271.0,250.0,100,3,3,PeteAd01
4,Larry Fitzgerald*+\FitzLa00,ARI,WR,25,16,16,0,0,0,0,0,0,0,,0,154,96,1431,14.91,12,215,313.6,262.1,98,1,4,FitzLa00
5,Matt Forte\FortMa00,CHI,RB,23,16,16,0,0,0,0,0,316,1238,3.92,8,76,63,477,7.57,4,244,312.0,274.0,95,4,5,FortMa00
6,Thomas Jones*\JoneTh00,NYJ,RB,30,16,14,0,0,0,0,0,290,1312,4.52,13,42,36,207,5.75,2,242,282.9,257.9,94,5,6,JoneTh00
7,Andre Johnson*+\JohnAn02,HOU,WR,27,16,16,0,0,0,0,0,0,0,,0,171,115,1575,13.70,8,208,325.0,264.0,91,2,7,JohnAn02
8,Calvin Johnson\JohnCa00,DET,WR,23,16,16,0,0,0,0,0,3,-1,-0.33,0,150,78,1331,17.06,12,207,286.5,243.0,90,3,8,JohnCa00
9,Drew Brees*\BreeDr00,NOR,QB,29,16,16,413,635,5069,34,17,22,-1,-0.05,0,0,0,0,,0,305,321.7,315.7,87,1,9,BreeDr00
10,Tony Gonzalez*+\GonzTo00,KAN,TE,32,16,16,0,0,0,0,0,0,0,,0,155,96,1058,11.02,10,166,264.8,213.8,83,1,10,GonzTo00
11,Aaron Rodgers\RodgAa00,GNB,QB,25,16,16,341,536,4038,28,13,56,207,3.70,4,0,0,0,,0,296,310.2,299.2,78,2,11,RodgAa00
12,Steve Slaton\SlatSt00,HOU,RB,22,16,15,0,0,0,0,0,268,1282,4.78,9,59,50,377,7.54,1,226,280.4,247.9,78,6,12,SlatSt00
13,LaDainian Tomlinson\TomlLa00,SDG,RB,29,16,16,0,0,0,0,0,292,1110,3.80,11,77,52,426,8.19,1,226,283.1,250.6,77,7,13,TomlLa00
14,Clinton Portis*\PortCl00,WAS,RB,27,16,16,0,0,0,0,0,342,1487,4.35,9,35,28,218,7.79,0,225,257.0,235.5,76,8,14,PortCl00
15,Maurice Jones-Drew\DrewMa00,JAX,RB,23,16,3,0,0,0,0,0,197,824,4.18,12,75,62,565,9.11,2,223,287.9,247.9,75,9,15,DrewMa00
16,Brian Westbrook\WestBr00,PHI,RB,29,14,14,0,0,0,0,0,233,936,4.02,9,74,54,402,7.44,5,218,276.8,242.8,70,10,16,WestBr00
17,Philip Rivers\RivePh00,SDG,QB,27,16,16,312,478,4009,34,11,31,84,2.71,0,0,0,0,,0,287,296.8,289.8,69,3,17,RivePh00
18,Greg Jennings\JennGr00,GNB,WR,25,16,15,0,0,0,0,0,0,0,,0,140,80,1292,16.15,9,185,267.7,224.2,68,4,18,JennGr00
19,Steve Smith*\SmitSt01,CAR,WR,29,14,14,0,0,0,0,0,5,40,8.00,0,129,78,1421,18.22,6,182,262.6,220.1,65,5,19,SmitSt01
20,Roddy White*\WhitRo00,ATL,WR,27,16,15,0,0,0,0,0,2,4,2.00,0,148,88,1382,15.70,7,181,271.1,223.6,64,6,20,WhitRo00
21,Jay Cutler*\CutlJa00,DEN,QB,25,16,16,384,616,4526,25,18,57,200,3.51,2,0,0,0,,0,281,302.5,294.0,63,4,21,CutlJa00
22,Chris Johnson*\JohnCh04,TEN,RB,23,15,14,0,0,0,0,0,251,1228,4.89,9,62,43,260,6.05,1,209,257.3,229.3,61,11,22,JohnCh04
23,Anquan Boldin*\BoldAn00,ARI,WR,28,12,11,0,0,0,0,0,9,67,7.44,0,127,89,1038,11.66,11,177,266.5,217.0,60,7,23,BoldAn00
24,Kurt Warner*\WarnKu00,ARI,QB,37,16,16,401,598,4583,30,14,18,-2,-0.11,0,0,0,0,,0,277,288.6,280.1,59,5,24,WarnKu00
25,Brandon Jacobs\JacoBr00,NYG,RB,26,13,13,0,0,0,0,0,219,1089,4.97,15,12,6,36,6.00,0,203,210.0,202.5,54,12,25,JacoBr00
26,Antonio Bryant\BryaAn00,TAM,WR,27,16,15,0,0,0,0,0,2,22,11.00,0,138,83,1248,15.04,7,169,254.5,209.5,52,8,26,BryaAn00
27,Terrell Owens\OwenTe00,DAL,WR,35,16,16,0,0,0,0,0,7,33,4.71,0,140,69,1052,15.25,10,169,240.0,202.0,52,9,27,OwenTe00
28,Randy Moss\MossRa00,NWE,WR,31,16,16,0,0,0,0,0,2,0,0.00,0,125,69,1008,14.61,11,167,237.3,198.3,50,10,28,MossRa00
29,Brandon Marshall*\MarsBr00,DEN,WR,24,15,15,0,0,0,0,0,2,-4,-2.00,0,181,104,1265,12.16,6,162,267.1,210.1,45,11,29,MarsBr00
30,Frank Gore\GoreFr00,SFO,RB,25,14,14,0,0,0,0,0,240,1036,4.32,6,66,43,373,8.67,2,191,236.9,206.4,43,13,30,GoreFr00
31,Vincent Jackson\JackVi00,SDG,WR,25,16,16,0,0,0,0,0,4,69,17.25,0,101,59,1098,18.61,7,159,220.2,187.2,42,12,31,JackVi00
32,Steven Jackson\JackSt00,STL,RB,25,12,11,0,0,0,0,0,253,1042,4.12,7,62,40,379,9.48,1,190,233.6,205.1,42,14,32,JackSt00
33,Marshawn Lynch*\LyncMa00,BUF,RB,22,15,15,0,0,0,0,0,250,1036,4.14,8,67,47,300,6.38,1,188,239.6,209.1,39,15,33,LyncMa00
34,Jason Witten*\WittJa00,DAL,TE,26,16,16,1,1,42,0,0,0,0,,0,121,81,952,11.75,4,121,204.9,161.4,38,2,34,WittJa00
35,Dallas Clark\ClarDa00,IND,TE,29,15,15,0,0,0,0,0,0,0,,0,107,77,848,11.01,6,121,199.8,157.3,38,3,35,ClarDa00
36,Peyton Manning*+\MannPe00,IND,QB,32,16,16,371,555,4002,27,12,20,21,1.05,1,0,0,0,,0,254,268.7,265.2,36,6,36,MannPe00
37,Antonio Gates*\GateAn00,SDG,TE,28,16,16,0,0,0,0,0,0,0,,0,92,60,704,11.73,8,118,180.9,147.4,36,4,37,GateAn00
38,Marion Barber\BarbMa01,DAL,RB,25,15,13,0,0,0,0,0,238,885,3.72,7,61,52,417,8.02,2,184,238.7,203.2,36,16,38,BarbMa01
39,Reggie Wayne*\WaynRe00,IND,WR,30,16,16,0,0,0,0,0,0,0,,0,131,82,1145,13.96,6,153,237.5,193.5,36,13,39,WaynRe00
40,Donovan McNabb\McNaDo00,PHI,QB,32,16,16,345,571,3916,23,11,39,147,3.77,2,0,0,0,,0,253,266.8,257.3,35,7,40,McNaDo00
41,Matt Cassel\CassMa00,NWE,QB,26,16,15,327,516,3693,21,11,73,270,3.70,2,0,0,0,,0,253,266.2,256.7,35,8,41,CassMa00
42,Ronnie Brown*\BrowRo05,MIA,RB,27,16,13,2,3,41,1,0,214,916,4.28,10,43,33,254,7.70,0,183,221.1,198.1,34,17,42,BrowRo05
43,Lance Moore\MoorLa00,NOR,WR,25,16,6,0,1,0,0,1,0,0,,0,121,79,928,11.75,10,151,233.3,190.3,34,14,43,MoorLa00
44,Hines Ward\WardHi00,PIT,WR,32,16,15,0,0,0,0,0,1,4,4.00,0,124,81,1043,12.88,7,147,230.2,186.2,30,15,44,WardHi00
45,Dwayne Bowe\BoweDw00,KAN,WR,24,16,16,0,0,0,0,0,0,0,,0,157,86,1022,11.88,7,144,233.2,187.2,27,16,45,BoweDw00
46,Santana Moss\MossSa00,WAS,WR,29,16,16,0,0,0,0,0,1,27,27.00,0,138,79,1044,13.22,6,143,230.6,187.6,26,17,46,MossSa00
47,Kevin Smith\SmitKe02,DET,RB,22,16,12,0,0,0,0,0,238,976,4.10,8,54,39,286,7.33,0,174,218.2,191.7,26,18,47,SmitKe02
48,Bernard Berrian\BerrBe00,MIN,WR,28,16,13,0,0,0,0,0,4,26,6.50,0,95,48,964,20.08,7,141,197.5,170.0,24,18,48,BerrBe00
49,Eddie Royal\RoyaEd00,DEN,WR,22,15,15,0,1,0,0,0,11,109,9.91,0,129,91,980,10.77,5,141,236.9,184.4,24,19,49,RoyaEd00
50,Kevin Walter\WaltKe00,HOU,WR,27,16,16,0,0,0,0,0,3,23,7.67,0,95,60,899,14.98,8,140,203.2,170.2,23,20,50,WaltKe00
51,Wes Welker*\WelkWe00,NWE,WR,27,16,14,0,0,0,0,0,3,26,8.67,0,149,111,1165,10.50,3,139,252.6,193.6,22,21,51,WelkWe00
52,LenDale White\WhitLe01,TEN,RB,24,16,2,0,0,0,0,0,200,773,3.87,15,10,5,16,3.20,0,169,176.4,170.4,21,19,52,WhitLe01
53,Le'Ron McClain*+\McClLe00,BAL,RB,24,16,16,0,0,0,0,0,232,902,3.89,10,30,19,123,6.47,1,169,191.5,174.0,20,20,53,McClLe00
54,Derrick Mason\MasoDe00,BAL,WR,34,16,16,0,0,0,0,0,1,3,3.00,0,121,80,1037,12.96,5,136,218.0,174.0,19,22,54,MasoDe00
55,Visanthe Shiancoe\ShiaVi00,MIN,TE,28,16,15,0,0,0,0,0,0,0,,0,59,42,596,14.19,7,102,146.6,122.6,19,5,55,ShiaVi00
56,Owen Daniels*\DaniOw00,HOU,TE,26,16,16,0,0,0,0,0,0,0,,0,101,70,862,12.31,2,98,170.2,131.2,16,6,56,DaniOw00
57,Donald Driver\DrivDo00,GNB,WR,33,16,16,0,0,0,0,0,2,4,2.00,0,116,74,1012,13.68,5,132,208.6,168.6,15,23,57,DrivDo00
58,Pierre Thomas\ThomPi00,NOR,RB,24,15,5,0,0,0,0,0,129,625,4.84,9,41,31,284,9.16,3,163,199.4,177.4,15,21,58,ThomPi00
59,Ryan Grant\GranRy00,GNB,RB,26,16,14,0,0,0,0,0,312,1203,3.86,4,22,18,116,6.44,1,162,183.9,166.9,14,22,59,GranRy00
60,Laveranues Coles\ColeLa00,NYJ,WR,31,16,16,0,0,0,0,0,2,9,4.50,0,116,70,850,12.14,7,128,200.4,161.9,11,24,60,ColeLa00
61,Isaac Bruce\BrucIs00,SFO,WR,36,16,15,0,1,0,0,0,1,-3,-3.00,0,108,61,835,13.69,7,127,189.2,155.7,10,25,61,BrucIs00
62,John Carlson\CarlJo00,SEA,TE,24,16,9,0,0,0,0,0,0,0,,0,80,55,627,11.40,5,93,150.7,120.2,10,7,62,CarlJo00
63,Chris Cooley*\CoolCh00,WAS,TE,26,16,16,0,0,0,0,0,0,0,,0,111,83,849,10.23,1,91,175.4,129.4,9,8,63,CoolCh00
64,Lee Evans\EvanLe00,BUF,WR,27,16,16,0,0,0,0,0,1,22,22.00,0,102,63,1017,16.14,3,124,188.9,153.4,7,26,64,EvanLe00
65,Muhsin Muhammad\MuhaMu00,CAR,WR,35,16,15,0,0,0,0,0,0,0,,0,107,65,923,14.20,5,122,189.3,152.8,6,27,65,MuhaMu00
66,Anthony Fasano\FasaAn00,MIA,TE,24,16,16,0,0,0,0,0,0,0,,0,53,34,454,13.35,7,87,124.4,104.4,5,10,66,FasaAn00
67,Greg Olsen\OlseGr00,CHI,TE,23,16,7,0,0,0,0,0,0,0,,0,82,54,574,10.63,5,87,143.4,112.4,5,9,67,OlseGr00
68,Derrick Ward\WardDe01,NYG,RB,28,16,3,0,0,0,0,0,182,1025,5.63,2,55,41,384,9.37,0,153,198.9,171.4,5,23,68,WardDe01
69,David Garrard\GarrDa00,JAX,QB,30,16,16,335,535,3620,15,13,73,322,4.41,2,1,1,-6,-6.00,0,222,238.9,228.9,4,9,69,GarrDa00
70,Steve Breaston\BreaSt00,ARI,WR,25,16,9,0,0,0,0,0,2,8,4.00,0,113,77,1006,13.06,3,119,198.9,156.9,3,28,70,BreaSt00
71,Tyler Thigpen\ThigTy00,KAN,QB,24,14,11,230,420,2608,18,12,62,386,6.23,3,1,1,37,37.00,1,221,236.6,227.1,3,10,71,ThigTy00
72,Chad Pennington\PennCh01,MIA,QB,32,16,16,321,476,3653,19,7,30,62,2.07,1,0,0,0,,0,220,228.8,224.3,2,11,72,PennCh01
73,Jerricho Cotchery\CotcJe00,NYJ,WR,26,16,16,0,0,0,0,0,2,8,4.00,0,112,71,858,12.08,5,119,191.6,152.1,2,29,73,CotcJe00
74,Zach Miller\MillZa01,OAK,TE,23,16,15,0,0,0,0,0,0,0,,0,86,56,778,13.89,1,84,142.8,111.8,1,11,74,MillZa01
75,Reagan Maui'a\MauiRe00,CIN,,24,2,2,0,0,0,0,0,0,0,,0,,0,0,,0,,,,,1,75,MauiRe00
76,John Paul Foschi\FoscJo00,KAN,,26,7,0,0,0,0,0,0,0,0,,0,,0,0,,0,,,,,2,76,FoscJo00
77,DeSean Jackson\JackDe00,PHI,WR,22,16,15,0,1,0,0,1,17,96,5.65,1,120,62,912,14.71,2,117,186.8,150.8,,30,77,JackDe00
78,Jonathan Stewart\StewJo00,CAR,RB,21,16,0,0,0,0,0,0,184,836,4.54,10,17,8,47,5.88,0,148,158.3,150.3,,24,78,StewJo00
79,Tony Romo\RomoTo00,DAL,QB,28,13,13,276,450,3448,26,14,28,41,1.46,0,0,0,0,,0,218,228.5,219.0,,12,,RomoTo00
80,Eli Manning*\MannEl00,NYG,QB,27,16,16,289,479,3238,21,10,20,10,0.50,1,0,0,0,,0,203,213.0,207.5,,13,,MannEl00
81,Jason Campbell\CampJa00,WAS,QB,27,16,16,315,506,3245,13,6,47,258,5.49,1,0,0,0,,0,202,210.1,200.6,,14,,CampJa00
82,Matt Ryan\RyanMa00,ATL,QB,23,16,16,265,434,3440,16,11,55,104,1.89,1,0,0,0,,0,198,212.0,203.0,,15,,RyanMa00
83,Brett Favre*\FavrBr00,NYJ,QB,39,16,16,343,522,3472,22,22,21,43,2.05,1,0,0,2,,0,197,215.4,207.4,,16,,FavrBr00
84,Kyle Orton\OrtoKy00,CHI,QB,26,15,15,272,465,2972,18,12,24,49,2.04,3,0,0,0,,0,192,203.8,197.8,,17,,OrtoKy00
85,Ben Roethlisberger\RoetBe00,PIT,QB,26,16,16,281,469,3301,17,15,34,101,2.97,2,1,1,-7,-7.00,0,191,206.4,192.9,,18,,RoetBe00
86,Joe Flacco\FlacJo00,BAL,QB,23,16,16,257,428,2971,14,12,52,180,3.46,2,1,1,43,43.00,0,187,200.6,188.6,,19,,FlacJo00
87,Matt Schaub\SchaMa00,HOU,QB,27,11,11,251,380,3043,15,10,31,68,2.19,2,0,0,0,,0,183,190.5,182.5,,20,,SchaMa00
88,Jake Delhomme\DelhJa00,CAR,QB,33,16,16,246,414,3288,15,12,20,21,1.05,2,0,0,0,,0,182,194.1,188.6,,21,,DelhJa00
89,Jeff Garcia\GarcJe00,TAM,QB,38,12,11,244,376,2712,12,6,35,148,4.23,1,0,0,0,,0,167,175.8,166.3,,22,,GarcJe00
90,Trent Edwards\EdwaTr01,BUF,QB,25,14,14,245,374,2699,11,10,36,117,3.25,3,0,0,0,,0,164,175.2,164.7,,23,,EdwaTr01
91,JaMarcus Russell\RussJa00,OAK,QB,23,15,15,198,368,2423,13,8,17,127,7.47,1,1,0,0,,0,152,159.6,147.6,,24,,RussJa00
92,Kerry Collins*\CollKe00,TEN,QB,36,16,15,242,415,2676,12,7,25,49,1.96,0,0,0,0,,0,148,155.4,149.9,,25,,CollKe00
93,Shaun Hill\HillSh00,SFO,QB,28,9,8,181,288,2046,13,8,24,115,4.79,2,0,0,0,,0,143,151.3,141.3,,26,,HillSh00
94,Jamal Lewis\LewiJa00,CLE,RB,29,16,16,0,0,0,0,0,279,1002,3.59,4,32,23,178,7.74,0,142,170.0,151.5,,25,,LewiJa00
95,Dominic Rhodes\RhodDo00,IND,RB,29,15,4,0,0,0,0,0,152,538,3.54,6,59,45,302,6.71,3,140,191.0,162.5,,26,,RhodDo00
96,Kevin Faulk\FaulKe00,NWE,RB,32,15,3,1,1,-2,0,0,83,507,6.11,3,74,58,486,8.38,3,135,199.2,164.2,,27,,FaulKe00
97,Marc Bulger\BulgMa00,STL,QB,31,15,15,251,440,2720,11,13,14,41,2.93,0,2,2,17,8.50,0,133,148.1,141.6,,27,,BulgMa00
98,Ryan Fitzpatrick\FitzRy00,CIN,QB,26,13,12,221,372,1905,8,9,60,304,5.07,2,1,1,-3,-3.00,0,132,142.8,130.8,,28,,FitzRy00
99,Sammy Morris\MorrSa00,NWE,RB,31,13,7,0,0,0,0,0,156,727,4.66,7,24,17,161,9.47,0,131,153.3,138.3,,28,,MorrSa00
100,Larry Johnson\JohnLa00,KAN,RB,29,12,12,1,1,4,1,0,193,874,4.53,5,17,12,74,6.17,0,129,141.5,130.0,,29,,JohnLa00
101,Mewelde Moore\MoorMe00,PIT,RB,26,16,4,0,0,0,0,0,140,588,4.20,5,53,40,320,8.00,1,127,171.8,144.8,,30,,MoorMe00
102,Willis McGahee\McGaWi00,BAL,RB,27,13,8,0,0,0,0,0,170,671,3.95,7,32,24,173,7.21,0,126,154.9,135.4,,31,,McGaWi00
103,Warrick Dunn\DunnWa00,TAM,RB,33,15,6,0,0,0,0,0,186,786,4.23,2,68,47,330,7.02,0,124,176.6,147.1,,33,,DunnWa00
104,Tim Hightower\HighTi00,ARI,RB,22,16,7,0,0,0,0,0,143,399,2.79,10,50,34,237,6.97,0,124,162.6,138.6,,32,,HighTi00
105,Reggie Bush\BushRe00,NOR,RB,23,10,9,0,0,0,0,0,106,404,3.81,2,73,52,440,8.46,4,120,194.9,161.4,,34,,BushRe00
106,Chester Taylor\TaylCh01,MIN,RB,29,16,1,1,1,4,1,0,101,399,3.95,4,55,45,399,8.87,2,120,170.0,140.5,,35,,TaylCh01
107,Jerious Norwood\NorwJe00,ATL,RB,25,16,0,0,0,0,0,0,95,489,5.15,4,54,36,338,9.39,2,119,159.7,134.7,,36,,NorwJe00
108,Ricky Williams\WillRi00,MIA,RB,31,16,3,0,0,0,0,0,160,659,4.12,4,39,29,219,7.55,1,118,150.3,127.3,,37,,WillRi00
109,Joseph Addai\AddaJo00,IND,RB,25,12,12,0,0,0,0,0,155,544,3.51,5,39,25,206,8.24,2,117,147.5,128.5,,38,,AddaJo00
110,T.J. Houshmandzadeh\HousTJ00,CIN,WR,31,15,15,0,0,0,0,0,1,9,9.00,0,137,92,904,9.83,4,115,210.3,161.3,,31,,HousTJ00
111,Santonio Holmes\HolmSa00,PIT,WR,24,15,15,0,0,0,0,0,2,9,4.50,0,114,55,821,14.93,5,113,169.0,136.5,,32,,HolmSa00
112,Gus Frerotte\FrerGu00,MIN,QB,37,11,11,178,301,2157,12,15,19,7,0.37,1,0,0,0,,0,111,127.0,122.0,,29,,FrerGu00
113,Ted Ginn\GinnTe00,MIA,WR,23,16,14,0,0,0,0,0,5,73,14.60,2,93,56,790,14.11,2,110,166.8,133.3,,33,,GinnTe00
114,Willie Parker\ParkWi00,PIT,RB,28,11,11,0,0,0,0,0,210,791,3.77,5,10,3,13,4.33,0,110,116.4,111.9,,39,,ParkWi00
115,Braylon Edwards\EdwaBr00,CLE,WR,25,16,16,0,0,0,0,0,0,0,,0,138,55,873,15.87,3,109,167.3,136.8,,34,,EdwaBr00
116,Mark Clayton\ClayMa01,BAL,WR,26,16,13,1,1,32,1,0,6,81,13.50,1,82,41,695,16.95,3,107,150.9,127.4,,35,,ClayMa01
117,Fred Jackson\JackFr02,BUF,RB,27,16,3,0,0,0,0,0,130,571,4.39,3,45,37,317,8.57,0,107,148.3,122.3,,40,,JackFr02
118,Seneca Wallace\WallSe00,SEA,QB,28,10,8,141,242,1532,11,3,16,78,4.88,0,0,0,0,,0,107,111.1,106.1,,30,,WallSe00
119,Marques Colston\ColsMa00,NOR,WR,25,11,6,0,0,0,0,0,0,0,,0,88,47,760,16.17,5,106,155.5,128.5,,36,,ColsMa00
120,Cedric Benson\BensCe00,CIN,RB,26,12,10,0,0,0,0,0,214,747,3.49,2,26,20,185,9.25,0,105,130.2,113.2,,41,,BensCe00
121,Earnest Graham\GrahEa00,TAM,RB,28,10,10,1,1,3,1,0,132,563,4.27,4,33,23,174,7.57,0,102,129.8,111.3,,43,,GrahEa00
122,Darren McFadden\McFaDa00,OAK,RB,21,13,5,0,0,0,0,0,113,499,4.42,4,39,29,285,9.83,0,102,135.9,113.9,,42,,McFaDa00
123,Justin Gage\GageJu00,TEN,WR,27,12,11,0,0,0,0,0,0,0,,0,74,34,651,19.15,6,101,138.1,118.1,,37,,GageJu00
124,Devery Henderson\HendDe00,NOR,WR,26,16,13,0,0,0,0,0,4,33,8.25,0,56,32,793,24.78,3,101,135.1,115.6,,38,,HendDe00
125,Donnie Avery\AverDo00,STL,WR,24,15,12,0,0,0,0,0,10,69,6.90,1,102,53,674,12.72,3,98,154.3,124.8,,39,,AverDo00
126,Torry Holt\HoltTo00,STL,WR,32,16,14,0,0,0,0,0,0,0,,0,119,64,796,12.44,3,98,164.6,129.6,,41,,HoltTo00
127,Michael Jenkins\JenkMi00,ATL,WR,26,16,12,0,0,0,0,0,0,0,,0,81,50,777,15.54,3,98,150.7,122.7,,40,,JenkMi00
128,Justin Fargas\FargJu00,OAK,RB,28,14,14,0,0,0,0,0,218,853,3.91,1,15,10,52,5.20,0,97,108.0,98.5,,44,,FargJu00
129,Derek Anderson\AndeDe00,CLE,QB,25,10,9,142,283,1615,9,8,25,55,2.20,0,0,0,0,,0,94,100.6,93.1,,31,,AndeDe00
130,Marvin Harrison\HarrMa00,IND,WR,36,15,15,0,0,0,0,0,0,0,,0,107,60,636,10.60,5,94,156.1,122.6,,42,,HarrMa00
131,Correll Buckhalter\BuckCo00,PHI,RB,30,14,2,0,0,0,0,0,76,369,4.86,2,32,26,324,12.46,2,93,125.3,106.3,,45,,BuckCo00
132,J.T. O'Sullivan\OSulJ.00,SFO,QB,29,9,8,128,220,1678,8,11,30,145,4.83,0,0,0,0,,0,92,103.1,91.6,,32,,OSulJ.00
133,Devin Hester\HestDe99,CHI,WR,26,15,8,0,0,0,0,0,6,61,10.17,0,91,51,665,13.04,3,91,142.1,111.1,,43,,HestDe99
134,Deuce McAllister\McAlDe00,NOR,RB,30,13,6,0,0,0,0,0,107,418,3.91,5,23,18,128,7.11,1,91,114.6,99.6,,46,,McAlDe00
135,Anthony Gonzalez\GonzAn00,IND,WR,24,16,2,0,0,0,0,0,0,0,,0,79,57,664,11.65,4,90,150.4,118.9,,44,,GonzAn00
136,Antwaan Randle El\RandAn00,WAS,WR,29,16,16,3,4,46,1,0,1,5,5.00,0,87,53,593,11.19,4,90,144.6,114.1,,45,,RandAn00
137,Tarvaris Jackson\JackTa00,MIN,QB,25,9,5,88,149,1056,9,2,26,145,5.58,0,0,0,0,,0,89,94.2,85.7,,33,,JackTa00
138,Peyton Hillis\HillPe00,DEN,RB,22,12,6,0,0,0,0,0,68,343,5.04,5,19,14,179,12.79,1,88,108.2,95.2,,48,,HillPe00
139,Julius Jones\JoneJu01,SEA,RB,27,15,10,0,0,0,0,0,158,698,4.42,2,25,14,66,4.71,0,88,103.4,91.4,,47,,JoneJu01
140,Matt Jones\JoneMa00,JAX,WR,25,12,10,0,0,0,0,0,0,0,,0,107,65,761,11.71,2,88,155.6,119.6,,46,,JoneMa00
141,Dan Orlovsky\OrloDa00,DET,QB,25,10,7,143,255,1616,8,8,7,29,4.14,0,0,0,0,,0,88,97.0,92.5,,34,,OrloDa00
142,Maurice Morris\MorrMa00,SEA,RB,29,13,6,0,0,0,0,0,132,574,4.35,0,27,19,136,7.16,2,83,107.5,91.5,,49,,MorrMa00
143,Nate Washington\WashNa00,PIT,WR,25,16,1,0,0,0,0,0,5,18,3.60,0,78,40,631,15.78,3,83,125.9,102.9,,47,,WashNa00
144,Tony Scheffler\ScheTo00,DEN,TE,25,13,7,0,0,0,0,0,1,-1,-1.00,0,61,40,645,16.13,3,82,124.9,101.4,,12,,ScheTo00
145,Amani Toomer\ToomAm00,NYG,WR,34,16,12,0,0,0,0,0,0,0,,0,88,48,580,12.08,4,82,132.5,105.0,,48,,ToomAm00
146,Patrick Crayton\CrayPa00,DAL,WR,29,16,7,0,1,0,0,0,1,11,11.00,0,70,39,550,14.10,4,80,121.6,98.6,,49,,CrayPa00
147,Edgerrin James\JameEd00,ARI,RB,30,13,7,0,0,0,0,0,133,514,3.86,3,18,12,85,7.08,0,80,93.9,83.9,,50,,JameEd00
148,Tashard Choice\ChoiTa00,DAL,RB,24,16,3,0,0,0,0,0,92,472,5.13,2,30,21,185,8.81,0,78,104.7,88.2,,51,,ChoiTa00
149,Chad Johnson\JohnCh01,CIN,WR,30,13,10,0,0,0,0,0,0,0,,0,97,53,540,10.19,4,78,134.0,104.5,,50,,JohnCh01
150,Michael Bush\BushMi00,OAK,RB,24,15,0,1,2,8,0,0,95,421,4.43,3,30,19,162,8.53,0,77,101.1,85.1,,52,,BushMi00
151,Bobby Wade\WadeBo00,MIN,WR,27,16,14,0,0,0,0,0,0,0,,0,89,53,645,12.17,2,77,131.5,101.0,,51,,WadeBo00
152,Chris Chambers\ChamCh00,SDG,WR,30,14,9,0,0,0,0,0,1,1,1.00,0,65,33,462,14.00,5,76,112.3,92.8,,52,,ChamCh00
153,Domenik Hixon\HixoDo00,NYG,WR,24,16,7,0,0,0,0,0,2,26,13.00,0,73,43,596,13.86,2,76,122.2,97.7,,53,,HixoDo00
154,Kevin Boss\BossKe00,NYG,TE,24,15,15,0,0,0,0,0,0,0,,0,55,33,384,11.64,6,74,110.4,90.9,,13,,BossKe00
155,Greg Camarillo\CamaGr00,MIA,WR,26,11,11,0,0,0,0,0,2,1,0.50,0,83,55,613,11.15,2,73,131.4,100.9,,54,,CamaGr00
156,Bryant Johnson\JohnBr02,SFO,WR,27,16,12,0,0,0,0,0,0,0,,0,75,45,546,12.13,3,73,120.6,95.1,,55,,JohnBr02
157,Ray Rice\RiceRa00,BAL,RB,21,13,4,0,0,0,0,0,107,454,4.24,0,43,33,273,8.27,0,73,111.2,88.2,,53,,RiceRa00
158,Dustin Keller\KellDu00,NYJ,TE,24,16,6,0,0,0,0,0,0,0,,0,78,48,535,11.15,3,72,122.5,95.5,,14,,KellDu00
159,Malcom Floyd\FloyMa00,SDG,WR,27,13,2,0,0,0,0,0,0,0,,0,37,27,465,17.22,4,71,100.5,84.0,,57,,FloyMa00
160,Brandon Stokley\StokBr00,DEN,WR,32,15,2,0,0,0,0,0,0,0,,0,86,49,528,10.78,3,71,122.8,95.3,,56,,StokBr00
161,Fred Taylor\TaylFr00,JAX,RB,32,13,13,0,0,0,0,0,143,556,3.89,1,22,16,98,6.13,0,71,89.9,78.4,,54,,TaylFr00
162,Jerheme Urban\UrbaJe00,ARI,WR,28,16,2,1,1,18,0,0,0,0,,0,51,34,448,13.18,4,70,106.5,86.5,,58,,UrbaJe00
163,Plaxico Burress\BurrPl00,NYG,WR,31,10,9,0,0,0,0,0,0,0,,0,66,35,454,12.97,4,69,107.4,86.9,,59,,BurrPl00
164,Jamaal Charles\CharJa00,KAN,RB,22,16,2,0,0,0,0,0,67,357,5.33,0,39,27,272,10.07,1,69,100.9,80.4,,55,,CharJa00
165,Heath Miller\MillHe00,PIT,TE,26,14,14,0,0,0,0,0,0,0,,0,66,48,514,10.71,3,69,119.9,92.4,,15,,MillHe00
166,Bo Scaife\ScaiBo00,TEN,TE,27,16,7,0,0,0,0,0,0,0,,0,84,58,561,9.67,2,68,128.6,96.1,,16,,ScaiBo00
167,Michael Pittman\PittMi00,DEN,RB,33,8,3,0,0,0,0,0,76,320,4.21,4,13,10,112,11.20,0,67,83.2,72.2,,56,,PittMi00
168,Ike Hilliard\HillIk00,TAM,WR,32,16,2,0,0,0,0,0,1,0,0.00,0,58,47,424,9.02,4,66,115.4,87.9,,60,,HillIk00
169,Josh Reed\ReedJo01,BUF,WR,28,13,13,0,0,0,0,0,0,0,,0,80,56,597,10.66,1,66,124.7,93.7,,61,,ReedJo01
170,Deion Branch\BranDe00,SEA,WR,29,8,8,0,0,0,0,0,0,0,,0,59,30,412,13.73,4,65,98.2,80.2,,62,,BranDe00
171,T.J. Duckett\DuckT.00,SEA,RB,27,16,0,0,0,0,0,0,62,172,2.77,8,1,0,0,,0,65,68.2,65.2,,57,,DuckT.00
172,Sage Rosenfels\RoseSa00,HOU,QB,30,6,5,116,174,1431,6,10,11,37,3.36,0,0,0,0,,0,65,75.9,70.9,,35,,RoseSa00
173,Billy Miller\MillBi00,NOR,TE,31,15,5,0,0,0,0,0,0,0,,0,62,45,579,12.87,1,64,111.9,86.4,,17,,MillBi00
174,Davone Bess\BessDa00,MIA,WR,23,16,6,0,0,0,0,0,1,13,13.00,0,75,54,554,10.26,1,63,119.2,88.7,,64,,BessDa00
175,Daniel Graham\GrahDa00,DEN,TE,30,16,16,0,0,0,0,0,0,0,,0,50,32,389,12.16,4,63,97.9,78.9,,19,,GrahDa00
176,David Martin\MartDa00,MIA,TE,29,16,7,0,0,0,0,0,0,0,,0,45,31,450,14.52,3,63,96.5,77.5,,18,,MartDa00
177,Steve Smith\SmitSt02,NYG,WR,23,16,4,0,0,0,0,0,0,0,,0,82,57,574,10.07,1,63,122.9,90.9,,63,,SmitSt02
178,Hank Baskett\BaskHa00,PHI,WR,26,15,6,0,0,0,0,0,0,0,,0,52,33,440,13.33,3,62,97.5,77.5,,65,,BaskHa00
179,Mark Bradley\BradMa00,2TM,WR,26,12,8,1,1,37,1,0,0,0,,0,63,30,380,12.67,3,61,94.5,76.5,,66,,BradMa00
180,Jabar Gaffney\GaffJa00,NWE,WR,28,16,7,0,0,0,0,0,0,0,,0,65,38,468,12.32,2,61,101.8,79.8,,67,,GaffJa00
181,BenJarvus Green-Ellis\GreeBe00,NWE,RB,23,9,3,0,0,0,0,0,74,275,3.72,5,6,3,37,12.33,0,61,67.2,62.7,,58,,GreeBe00
182,Marcedes Lewis\LewiMa00,JAX,TE,24,16,16,0,0,0,0,0,0,0,,0,74,41,489,11.93,2,61,104.9,81.4,,20,,LewiMa00
183,Kellen Winslow\WinsKe01,CLE,TE,25,10,8,0,0,0,0,0,0,0,,0,83,43,428,9.95,3,61,106.3,81.3,,21,,WinsKe01
184,LaMont Jordan\JordLa00,NWE,RB,30,8,0,0,0,0,0,0,80,363,4.54,4,0,0,0,,0,60,62.8,59.3,,59,,JordLa00
185,Donald Lee\LeexDo00,GNB,TE,28,16,14,0,0,0,0,0,0,0,,0,50,39,303,7.77,5,60,102.3,79.8,,22,,LeexDo00
186,Rashied Davis\DaviRa00,CHI,WR,29,16,12,0,0,0,0,0,3,14,4.67,0,67,35,445,12.71,2,58,101.9,81.4,,68,,DaviRa00
187,Todd Heap\HeapTo00,BAL,TE,28,16,16,0,0,0,0,0,0,0,,0,64,35,403,11.51,3,58,95.8,74.8,,23,,HeapTo00
188,J.J. Arrington\ArriJ.00,ARI,RB,25,11,3,0,1,0,0,0,31,187,6.03,1,40,29,255,8.79,1,56,97.2,76.7,,60,,ArriJ.00
189,Matt Hasselbeck\HassMa00,SEA,QB,33,7,7,109,209,1216,5,10,11,69,6.27,0,0,0,0,,0,56,68.0,64.5,,36,,HassMa00
190,Roy Williams\WillRo04,2TM,WR,27,15,11,0,0,0,0,0,1,13,13.00,0,39,36,430,11.94,2,56,95.3,74.3,,69,,WillRo04
191,Michael Clayton\ClayMi00,TAM,WR,26,15,9,0,0,0,0,0,2,5,2.50,0,61,38,484,12.74,1,55,95.4,72.9,,70,,ClayMi00
192,Robert Meachem\MeacRo00,NOR,WR,24,14,3,0,0,0,0,0,1,20,20.00,1,20,12,289,24.08,3,55,69.9,60.9,,71,,MeacRo00
193,Patrick Cobbs\CobbPa00,MIA,RB,25,16,2,0,0,0,0,0,12,88,7.33,1,27,19,275,14.47,2,54,76.3,63.8,,61,,CobbPa00
194,Brandon Jones\JoneBr02,TEN,WR,26,16,7,0,0,0,0,0,2,35,17.50,0,62,41,449,10.95,1,54,98.4,74.9,,73,,JoneBr02
195,Chansi Stuckey\StucCh20,NYJ,WR,25,15,2,0,0,0,0,0,1,1,1.00,0,45,32,359,11.22,3,54,89.0,70.0,,74,,StucCh20
196,Reggie Williams\WillRe00,JAX,WR,25,16,11,0,0,0,0,0,1,0,0.00,0,63,37,364,9.84,3,54,94.4,72.9,,72,,WillRe00
197,Martellus Bennett\BennMa00,DAL,TE,21,16,7,0,0,0,0,0,0,0,,0,27,20,283,14.15,4,52,75.3,62.3,,24,,BennMa00
198,Ahmad Bradshaw\BradAh00,NYG,RB,22,15,0,0,0,0,0,0,67,355,5.30,1,6,5,42,8.40,1,52,58.2,51.2,,62,,BradAh00
199,Koren Robinson\RobiKo00,SEA,WR,28,12,12,0,0,0,0,0,1,-4,-4.00,0,58,31,400,12.90,2,52,85.6,67.1,,75,,RobiKo00
200,Jerramy Stevens\StevJe00,TAM,TE,29,15,3,0,0,0,0,0,0,0,,0,59,36,397,11.03,2,52,90.7,69.7,,25,,StevJe00
201,Cadillac Williams\WillCa02,TAM,RB,26,6,1,0,0,0,0,0,63,233,3.70,4,7,7,43,6.14,0,52,61.1,54.1,,63,,WillCa02
202,Kevin Curtis\CurtKe00,PHI,WR,30,9,8,0,0,0,0,0,0,0,,0,63,33,390,11.82,2,51,87.0,67.5,,76,,CurtKe00
203,Harry Douglas\DougHa00,ATL,WR,24,16,0,0,0,0,0,0,12,69,5.75,1,39,23,320,13.91,1,51,82.4,67.4,,77,,DougHa00
204,Ahman Green\GreeAh00,HOU,RB,31,8,1,0,0,0,0,0,74,294,3.97,3,14,11,32,2.91,0,51,64.6,56.1,,64,,GreeAh00
205,Jason Avant\AvanJa00,PHI,WR,25,15,6,0,0,0,0,0,0,0,,0,57,32,377,11.78,2,50,84.7,65.7,,80,,AvanJa00
206,Brandon Lloyd\LloyBr00,CHI,WR,27,11,5,0,0,0,0,0,0,0,,0,50,26,364,14.00,2,50,79.4,63.4,,78,,LloyBr00
207,Josh Morgan\MorgJo00,SFO,WR,23,12,1,0,0,0,0,0,0,0,,0,43,20,319,15.95,3,50,72.9,59.9,,79,,MorgJo00
208,Vernon Davis\DaviVe00,SFO,TE,24,16,16,0,0,0,0,0,1,11,11.00,0,49,31,358,11.55,2,49,81.9,62.4,,26,,DaviVe00
209,Bobby Engram\EngrBo00,SEA,WR,35,13,11,0,0,0,0,0,0,0,,0,80,47,489,10.40,0,49,98.4,71.4,,81,,EngrBo00
210,DeShaun Foster\FostDe00,SFO,RB,28,16,2,0,0,0,0,0,76,234,3.08,1,20,16,133,8.31,1,49,69.7,54.7,,66,,FostDe00
211,Brian Griese\GrieBr00,TAM,QB,33,5,5,110,184,1073,5,7,5,-1,-0.20,0,0,0,0,,0,49,58.3,54.8,,37,,GrieBr00
212,Brandon Jackson\JackBr00,GNB,RB,23,13,0,0,0,0,0,0,45,248,5.51,1,39,30,185,6.17,0,49,84.8,63.3,,65,,JackBr00
213,Jordy Nelson\NelsJo00,GNB,WR,23,16,2,0,0,0,0,0,0,0,,0,54,33,366,11.09,2,49,84.6,65.1,,82,,NelsJo00
214,Jerome Harrison\HarrJe00,CLE,RB,25,15,0,0,0,0,0,0,34,246,7.24,1,18,12,116,9.67,1,48,66.2,54.2,,67,,HarrJe00
215,Jeremy Shockey\ShocJe00,NOR,TE,28,12,11,0,0,0,0,0,0,0,,0,72,50,483,9.66,0,48,100.3,71.3,,27,,ShocJe00
216,L.J. Smith\SmitL.00,PHI,TE,28,13,12,0,0,0,0,0,0,0,,0,64,37,298,8.05,3,48,87.8,66.3,,28,,SmitL.00
217,Ladell Betts\BettLa00,WAS,RB,29,13,0,0,0,0,0,0,61,206,3.38,1,35,22,200,9.09,0,47,74.1,56.6,,69,,BettLa00
218,Leonard Weaver\WeavLe00,SEA,RB,26,14,7,0,0,0,0,0,30,130,4.33,0,32,20,222,11.10,2,47,72.7,56.2,,68,,WeavLe00
219,Felix Jones\JoneFe00,DAL,RB,21,6,0,0,0,0,0,0,30,266,8.87,3,2,2,10,5.00,0,46,56.6,52.6,,71,,JoneFe00
220,Chris Perry\PerrCh00,CIN,RB,27,13,6,0,0,0,0,0,104,269,2.59,2,34,20,71,3.55,0,46,66.5,51.0,,70,,PerrCh00
221,Rudi Johnson\JohnRu00,DET,RB,29,14,4,0,0,0,0,0,76,237,3.12,1,14,12,88,7.33,1,45,59.0,49.5,,72,,JohnRu00
222,Alex Smith\SmitAl02,TAM,TE,26,14,12,0,0,0,0,0,0,0,,0,38,21,250,11.90,3,45,69.0,55.5,,29,,SmitAl02
223,Daunte Culpepper\CulpDa00,DET,QB,31,5,5,60,115,786,4,6,12,25,2.08,1,0,0,0,,0,44,50.4,44.9,,38,,CulpDa00
224,Jason Hill\HillJa00,SFO,WR,23,16,2,0,0,0,0,0,2,5,2.50,0,40,30,317,10.57,2,44,76.7,58.2,,83,,HillJa00
225,Jon Kitna\KitnJo00,DET,QB,36,4,4,68,120,758,5,5,6,34,5.67,0,0,0,0,,0,44,50.2,45.7,,39,,KitnJo00
226,Tatum Bell\BellTa00,DEN,RB,27,7,3,0,0,0,0,0,44,249,5.66,2,14,10,57,5.70,0,43,55.6,47.6,,74,,BellTa00
227,Desmond Clark\ClarDe00,CHI,TE,31,16,16,0,0,0,0,0,0,0,,0,73,41,367,8.95,1,43,86.2,62.2,,30,,ClarDe00
228,Antonio Pittman\PittAn00,STL,RB,23,12,5,0,0,0,0,0,79,296,3.75,0,27,18,132,7.33,0,43,66.3,50.8,,73,,PittAn00
229,Justin McCareins\McCaJu00,TEN,WR,30,14,10,0,0,0,0,0,2,8,4.00,0,72,30,412,13.73,0,42,74.0,55.0,,84,,McCaJu00
230,Robert Royal\RoyaRo00,BUF,TE,29,15,7,0,0,0,0,0,0,0,,0,57,33,351,10.64,1,41,76.1,55.6,,31,,RoyaRo00
231,Dane Looker\LookDa00,STL,WR,32,13,6,2,3,17,0,0,0,0,,0,47,23,271,11.78,2,40,64.8,49.3,,85,,LookDa00
232,J.P. Losman\LosmJ.00,BUF,QB,27,5,2,63,104,584,2,5,12,70,5.83,2,0,0,0,,0,40,44.4,37.4,,40,,LosmJ.00
233,Shaun McDonald\McDoSh00,DET,WR,27,12,7,0,0,0,0,0,0,0,,0,67,35,332,9.49,1,39,76.2,54.7,,86,,McDoSh00
234,Brent Celek\CeleBr00,PHI,TE,23,16,7,0,0,0,0,0,0,0,,0,38,27,318,11.78,1,38,67.8,51.3,,32,,CeleBr00
235,Sidney Rice\RiceSi01,MIN,WR,22,13,3,0,1,0,0,0,0,0,,0,31,15,141,9.40,4,38,56.1,45.6,,87,,RiceSi01
236,Selvin Young\YounSe00,DEN,RB,25,8,5,0,0,0,0,0,61,303,4.97,1,8,3,16,5.33,0,38,43.4,38.4,,75,,YounSe00
237,Carson Palmer\PalmCa00,CIN,QB,29,4,4,75,129,731,3,4,6,38,6.33,0,0,0,0,,0,37,43.0,39.0,,41,,PalmCa00
238,David Anderson\AndeDa01,HOU,WR,25,16,1,0,0,0,0,0,0,0,,0,29,19,241,12.68,2,36,58.1,45.6,,88,,AndeDa01
239,Arnaz Battle\BattAr00,SFO,WR,28,9,0,0,0,0,0,0,1,18,18.00,0,42,24,318,13.25,0,34,60.1,44.6,,91,,BattAr00
240,Chris Henry\HenrCh00,CIN,WR,25,12,1,0,0,0,0,0,0,0,,0,46,19,220,11.58,2,34,56.0,43.5,,90,,HenrCh00
241,Chaz Schilens\SchiCh00,OAK,WR,23,16,6,0,0,0,0,0,1,-2,-2.00,0,32,15,226,15.07,2,34,52.4,41.9,,89,,SchiCh00
242,Marty Booker\BookMa00,CHI,WR,32,13,5,0,0,0,0,0,1,3,3.00,0,49,14,211,15.07,2,33,50.4,40.4,,92,,BookMa00
243,James Jones\JoneJa04,GNB,WR,24,10,2,0,0,0,0,0,0,0,,0,30,20,274,13.70,1,33,56.4,43.4,,93,,JoneJa04
244,Ben Watson\WatsBe00,NWE,TE,28,14,9,0,0,0,0,0,0,0,,0,47,22,209,9.50,2,33,57.4,42.9,,33,,WatsBe00
245,Reggie Brown\BrowRe01,PHI,WR,27,10,3,0,0,0,0,0,1,6,6.00,0,35,18,252,14.00,1,32,52.8,40.8,,94,,BrowRe01
246,Alge Crumpler\CrumAl00,TEN,TE,31,15,15,0,0,0,0,0,0,0,,0,41,24,257,10.71,1,32,58.2,42.7,,35,,CrumAl00
247,Kenneth Darby\DarbKe00,STL,RB,26,10,0,0,0,0,0,0,32,140,4.38,0,21,19,183,9.63,0,32,56.8,40.8,,76,,DarbKe00
248,Michael Gaines\GainMi00,DET,TE,28,16,6,0,0,0,0,0,0,0,,0,36,23,260,11.30,1,32,56.5,40.5,,34,,GainMi00
249,Ashley Lelie\LeliAs00,OAK,WR,28,13,6,0,0,0,0,0,0,0,,0,45,11,197,17.91,2,32,45.7,37.2,,95,,LeliAs00
250,Devard Darling\DarlDe00,KAN,WR,26,16,9,0,0,0,0,0,0,0,,0,33,17,247,14.53,1,31,50.7,39.2,,97,,DarlDe00
251,Jacob Hester\HestJa00,SDG,RB,23,16,3,0,0,0,0,0,19,95,5.00,1,13,12,91,7.58,1,31,42.1,35.6,,77,,HestJa00
252,Greg Lewis\LewiGr01,PHI,WR,28,16,0,0,0,0,0,0,0,0,,0,35,19,247,13.00,1,31,52.7,40.2,,96,,LewiGr01
253,Ronald Curry\CurrRo01,OAK,WR,29,13,10,0,0,0,0,0,1,1,1.00,0,48,19,181,9.53,2,30,52.2,39.7,,98,,CurrRo01
254,Ahmard Hall\HallAh00,TEN,RB,29,16,11,0,0,0,0,0,8,21,2.63,0,18,13,138,10.62,2,30,45.4,35.4,,79,,HallAh00
255,Jason Wright\WrigJa01,CLE,RB,26,15,0,0,0,0,0,0,23,85,3.70,0,37,22,156,7.09,1,30,54.6,40.1,,78,,WrigJa01
256,Justin Peelle\PeelJu00,ATL,TE,29,16,11,0,0,0,0,0,0,0,,0,23,15,159,10.60,2,28,45.9,35.4,,36,,PeelJu00
257,Rex Grossman\GrosRe00,CHI,QB,28,4,1,32,62,257,2,2,3,4,1.33,2,0,0,0,,0,27,28.7,28.7,,44,,GrosRe00
258,Byron Leftwich\LeftBy00,PIT,QB,28,5,0,21,36,303,2,0,4,7,1.75,1,0,0,0,,0,27,29.8,26.8,,42,,LeftBy00
259,Jason McKie\McKiJa00,CHI,RB,28,11,8,0,0,0,0,0,11,26,2.36,2,15,11,64,5.82,1,27,37.5,31.5,,80,,McKiJa00
260,Sinorice Moss\MossSi00,NYG,WR,25,10,0,0,0,0,0,0,0,0,,0,15,12,153,12.75,2,27,42.3,33.3,,99,,MossSi00
261,Brady Quinn\QuinBr00,CLE,QB,24,3,3,45,89,518,2,2,5,21,4.20,0,0,0,0,,0,27,31.8,28.8,,43,,QuinBr00
262,Dante Rosario\RosaDa00,CAR,TE,24,16,6,0,0,0,0,0,0,0,,0,31,18,209,11.61,1,27,47.9,35.9,,37,,RosaDa00
263,Mike Tolbert\TolbMi00,SDG,RB,23,13,7,0,0,0,0,0,13,37,2.85,0,15,13,171,13.15,1,27,42.8,33.3,,81,,TolbMi00
264,Jeff King\KingJe00,CAR,TE,25,16,15,0,0,0,0,0,0,0,,0,34,21,195,9.29,1,26,49.5,36.0,,38,,KingJe00
265,Gary Russell\RussGa00,PIT,RB,22,12,0,0,0,0,0,0,28,77,2.75,3,2,1,-2,-2.00,0,26,26.5,26.0,,82,,RussGa00
266,Javon Walker\WalkJa00,OAK,WR,30,8,7,0,0,0,0,0,0,0,,0,32,15,196,13.07,1,26,43.6,33.1,,100,,WalkJa00
267,Steve Heiden\HeidSt00,CLE,TE,32,14,11,0,0,0,0,0,0,0,,0,42,23,249,10.83,0,25,50.9,36.4,,39,,HeidSt00
268,Darrell Jackson\JackDa00,DEN,WR,30,12,2,0,0,0,0,0,0,0,,0,21,12,190,15.83,1,25,40.0,31.0,,102,,JackDa00
269,Brandon Manumaleuna\ManuBr00,SDG,TE,28,16,11,0,0,0,0,0,0,0,,0,19,15,127,8.47,2,25,42.7,32.2,,40,,ManuBr00
270,Michael Robinson\RobiMi00,SFO,WR,25,16,1,0,0,0,0,0,19,50,2.63,0,20,17,202,11.88,0,25,44.7,32.7,,101,,RobiMi00
271,Keenan Burton\BurtKe00,STL,WR,24,13,1,0,0,0,0,0,3,8,2.67,0,29,13,172,13.23,1,24,40.0,30.5,,105,,BurtKe00
272,Mark Campbell\CampMa00,NOR,TE,33,9,4,0,0,0,0,0,0,0,,0,16,12,121,10.08,2,24,39.1,30.1,,41,,CampMa00
273,Jerry Porter\PortJe00,JAX,WR,30,10,6,0,0,0,0,0,0,0,,0,29,11,181,16.45,1,24,38.1,29.6,,104,,PortJe00
274,John Standeford\StanJo00,DET,WR,26,9,4,0,0,0,0,0,0,0,,0,34,15,244,16.27,0,24,41.9,30.9,,103,,StanJo00
275,Demetrius Williams\WillDe03,BAL,WR,25,7,0,0,0,0,0,0,0,0,,0,23,13,180,13.85,1,24,40.0,30.5,,106,,WillDe03
276,Brian Finneran\FinnBr00,ATL,WR,32,16,0,0,0,0,0,0,0,0,,0,36,21,169,8.05,1,23,46.4,32.4,,109,,FinnBr00
277,Steve Johnson\JohnSt00,BUF,WR,22,11,1,0,0,0,0,0,1,6,6.00,0,14,10,102,10.20,2,23,35.8,27.8,,110,,JohnSt00
278,Ruvell Martin\MartRu00,GNB,WR,26,13,1,0,0,0,0,0,0,0,,0,26,15,149,9.93,1,23,40.9,30.4,,108,,MartRu00
279,Donte' Stallworth\StalDo00,CLE,WR,28,11,7,0,0,0,0,0,1,-4,-4.00,0,45,17,170,10.00,1,23,42.6,31.1,,111,,StalDo00
280,Devin Thomas\ThomDe02,WAS,WR,22,16,1,0,0,0,0,0,3,53,17.67,1,27,15,120,8.00,0,23,41.3,30.8,,107,,ThomDe02
281,David Patten\PattDa00,NOR,WR,34,5,3,0,0,0,0,0,0,0,,0,20,11,162,14.73,1,22,36.2,27.7,,112,,PattDa00
282,Mike Sims-Walker\WalkMi01,JAX,WR,24,9,1,0,0,0,0,0,0,0,,0,30,16,217,13.56,0,22,40.7,29.7,,113,,WalkMi01
283,John Gilmore\GilmJo00,TAM,TE,29,16,10,0,0,0,0,0,0,0,,0,21,15,147,9.80,1,21,38.7,28.2,,43,,GilmJo00
284,James Hardy\HardJa00,BUF,WR,23,14,3,0,0,0,0,0,0,0,,0,24,9,87,9.67,2,21,29.7,25.2,,114,,HardJa00
285,Reggie Kelly\KellRe00,CIN,TE,31,16,15,0,0,0,0,0,0,0,,0,42,31,207,6.68,0,21,54.7,36.2,,44,,KellRe00
286,John Kuhn\KuhnJo00,GNB,RB,26,16,3,0,0,0,0,0,8,10,1.25,1,7,4,21,5.25,2,21,25.1,23.1,,85,,KuhnJo00
287,P.J. Pope\PopeP.20,DEN,RB,24,5,1,0,0,0,0,0,17,130,7.65,0,4,3,24,8.00,1,21,27.4,22.9,,83,,PopeP.20
288,Derek Schouman\SchoDe00,BUF,TE,23,16,12,0,0,0,0,0,0,0,,0,20,15,153,10.20,1,21,38.8,27.8,,42,,SchoDe00
289,Kolby Smith\SmitKo00,KAN,RB,24,7,3,0,0,0,0,0,35,100,2.86,1,11,10,52,5.20,0,21,34.2,26.2,,84,,SmitKo00
290,B.J. Askew\AskeB.00,TAM,RB,28,10,4,0,0,0,0,0,7,14,2.00,2,18,13,66,5.08,0,20,33.0,26.5,,86,,AskeB.00
291,Damon Huard\HuarDa00,KAN,QB,35,5,3,50,81,477,2,4,4,13,3.25,0,0,0,0,,0,20,25.9,21.4,,45,,HuarDa00
292,Delanie Walker\WalkHu00,SFO,TE,24,15,2,0,0,0,0,0,2,-13,-6.50,0,16,10,155,15.50,1,20,32.2,23.2,,45,,WalkHu00
293,DeShawn Wynn\WynnDe00,GNB,RB,25,5,0,0,0,0,0,0,8,110,13.75,1,3,3,30,10.00,0,20,25.5,20.5,,87,,WynnDe00
294,Chris Baker\BakeCh00,NYJ,TE,29,16,13,0,0,0,0,0,0,0,,0,30,21,194,9.24,0,19,43.4,29.9,,46,,BakeCh00
295,Greg Jones\JoneGr01,JAX,RB,27,12,7,0,0,0,0,0,2,13,6.50,0,16,13,116,8.92,1,19,34.9,25.4,,88,,JoneGr01
296,Keary Colbert\ColbKe00,3TM,WR,26,13,7,0,0,0,0,0,0,0,,0,27,12,116,9.67,1,18,32.6,23.6,,118,,ColbKe00
297,D.J. Hackett\HackD.00,CAR,WR,27,9,2,0,0,0,0,0,0,0,,0,28,13,181,13.92,0,18,33.6,23.6,,116,,HackD.00
298,Montell Owens\OwenMo01,JAX,RB,24,16,0,0,0,0,0,0,2,43,21.50,2,3,2,17,8.50,0,18,26.0,25.0,,90,,OwenMo01
299,Mike Sellers*\SellMi00,WAS,RB,33,16,6,0,0,0,0,0,6,24,4.00,0,15,12,98,8.17,1,18,29.7,23.2,,89,,SellMi00
300,Brad Smith\SmitBr01,NYJ,QB,25,15,1,1,2,18,0,0,12,113,9.42,0,20,12,64,5.33,0,18,32.4,22.4,,46,,SmitBr01
301,Derek Stanley\StanDe00,STL,WR,23,10,0,0,0,0,0,0,1,0,0.00,0,12,6,119,19.83,1,18,25.9,18.9,,117,,StanDe00
302,Syndric Steptoe\StepSy20,CLE,WR,24,16,5,0,0,0,0,0,0,0,,0,41,19,182,9.58,0,18,39.7,26.7,,115,,StepSy20
303,Casey Fitzsimmons\FitzCa00,DET,TE,28,14,1,0,0,0,0,0,0,0,,0,28,12,85,7.08,1,17,28.5,22.5,,49,,FitzCa00
304,Darcy Johnson\JohnDa03,NYG,TE,25,16,2,0,0,0,0,0,0,0,,0,6,4,46,11.50,2,17,20.1,17.6,,48,,JohnDa03
305,Ryan Moats\MoatRy00,HOU,RB,26,9,0,0,0,0,0,0,26,94,3.62,1,5,3,14,4.67,0,17,19.8,18.3,,91,,MoatRy00
306,Gijon Robinson\RobiGi21,IND,TE,24,15,14,0,0,0,0,0,0,0,,0,24,19,166,8.74,0,17,38.6,26.1,,47,,RobiGi21
307,Tory Humphrey\HumpTo00,GNB,TE,25,16,7,0,0,0,0,0,0,0,,0,17,11,162,14.73,0,16,30.2,21.7,,50,,HumpTo00
308,Vonta Leach\LeacVo00,HOU,RB,27,16,12,0,0,0,0,0,1,1,1.00,1,18,12,103,8.58,0,16,31.4,22.4,,92,,LeacVo00
309,Aaron Stecker\StecAa00,NOR,RB,33,6,0,0,0,0,0,0,8,43,5.38,0,12,9,52,5.78,1,16,24.5,20.0,,93,,StecAa00
310,Derek Fine\FineDe00,BUF,TE,25,10,5,0,0,0,0,0,0,0,,0,12,10,94,9.40,1,15,25.4,20.4,,51,,FineDe00
311,Justin Griffith\GrifJu00,OAK,RB,28,7,3,0,0,0,0,0,2,2,1.00,0,13,9,85,9.44,1,15,23.7,19.2,,96,,GrifJu00
312,Brad Johnson\JohnBr00,DAL,QB,40,16,3,41,78,427,2,5,2,-1,-0.50,0,0,0,0,,0,15,22.5,19.0,,47,,JohnBr00
313,Mike Karney\KarnMi00,NOR,RB,27,12,8,0,0,0,0,0,8,10,1.25,2,12,9,18,2.00,0,15,23.8,19.3,,95,,KarnMi00
314,Adrian Peterson\PeteAd00,CHI,RB,29,15,0,0,0,0,0,0,20,100,5.00,0,10,6,45,7.50,0,15,23.5,17.5,,97,,PeteAd00
315,Jason Snelling\SnelJa00,ATL,RB,25,16,1,0,0,0,0,0,15,62,4.13,0,11,8,89,11.13,0,15,23.1,19.1,,94,,SnelJa00
316,David Carr\CarrDa00,NYG,QB,29,3,0,9,12,115,2,0,8,10,1.25,0,0,0,0,,0,14,13.6,13.6,,48,,CarrDa00
317,Joey Galloway\GallJo00,TAM,WR,37,9,4,0,0,0,0,0,0,0,,0,28,13,138,10.62,0,14,29.8,20.3,,121,,GallJo00
318,Nate Jackson\JackNa00,DEN,WR,29,10,3,0,0,0,0,0,0,0,,0,17,11,84,7.64,1,14,25.4,19.9,,119,,JackNa00
319,Randy McMichael\McMiRa01,STL,TE,29,4,4,0,0,0,0,0,0,0,,0,21,11,139,12.64,0,14,27.9,19.4,,52,,McMiRa01
320,Chad Simpson\SimpCh00,IND,RB,23,11,0,0,0,0,0,0,15,45,3.00,1,4,3,30,10.00,0,14,16.0,14.0,,98,,SimpCh00
321,Matt Spaeth\SpaeMa00,PIT,TE,25,16,13,0,0,0,0,0,0,0,,0,26,17,136,8.00,0,14,33.6,22.1,,54,,SpaeMa00
322,James Thrash\ThraJa00,WAS,WR,33,16,5,0,0,0,0,0,0,0,,0,22,9,81,9.00,1,14,23.1,18.6,,120,,ThraJa00
323,Daniel Wilcox\WilcDa01,BAL,TE,31,13,1,0,0,0,0,0,0,0,,0,7,5,19,3.80,2,14,18.9,16.4,,53,,WilcDa01
324,Andre Caldwell\CaldAn00,CIN,WR,23,7,4,0,0,0,0,0,5,53,10.60,0,19,11,78,7.09,0,13,24.1,18.6,,122,,CaldAn00
325,Jermichael Finley\FinlJe00,GNB,TE,21,14,1,0,0,0,0,0,0,0,,0,12,6,74,12.33,1,13,19.4,16.4,,55,,FinlJe00
326,Matt Leinart\LeinMa00,ARI,QB,25,4,0,15,29,264,1,1,4,5,1.25,0,0,0,0,,0,13,13.1,12.1,,50,,LeinMa00
327,Troy Smith\SmitTr02,BAL,QB,24,6,0,3,4,82,1,0,9,24,2.67,0,2,1,36,36.00,0,13,14.3,13.8,,49,,SmitTr02
328,Ryan Torain\ToraRy00,DEN,RB,22,2,1,0,0,0,0,0,15,69,4.60,1,0,0,0,,0,13,12.9,12.9,,99,,ToraRy00
329,Mike Bell\BellMi00,NOR,RB,25,4,0,0,0,0,0,0,13,42,3.23,1,2,1,14,14.00,0,12,12.6,12.1,,100,,BellMi00
330,Nate Burleson\BurlNa00,SEA,WR,27,1,1,0,0,0,0,0,0,0,,0,9,5,60,12.00,1,12,17.0,14.5,,124,,BurlNa00
331,Dwayne Jarrett\JarrDw00,CAR,WR,22,9,1,0,0,0,0,0,0,0,,0,19,10,119,11.90,0,12,24.9,16.9,,125,,JarrDw00
332,Joe Klopfenstein\KlopJo00,STL,TE,25,16,10,0,0,0,0,0,0,0,,0,19,11,123,11.18,0,12,25.8,16.8,,59,,KlopJo00
333,Billy McMullen\McMuBi00,SEA,WR,28,4,2,0,0,0,0,0,0,0,,0,18,7,124,17.71,0,12,21.9,14.9,,123,,McMuBi00
334,John Owens\OwenJo00,DET,TE,28,16,7,0,0,0,0,0,0,0,,0,12,8,56,7.00,1,12,19.6,15.6,,60,,OwenJo00
335,Ben Patrick\PatrBe00,ARI,TE,24,10,3,0,0,0,0,0,0,0,,0,18,11,104,9.45,0,12,24.4,15.9,,57,,PatrBe00
336,Tom Santi\SantTo00,IND,TE,23,6,2,0,0,0,0,0,0,0,,0,13,10,64,6.40,1,12,22.4,17.4,,56,,SantTo00
337,Ben Utecht\UtecBe00,CIN,TE,27,10,6,0,0,0,0,0,0,0,,0,28,16,123,7.69,0,12,30.8,19.3,,58,,UtecBe00
338,Michael Bumpus\BumpMi00,SEA,WR,23,4,1,0,0,0,0,0,0,0,,0,8,5,48,9.60,1,11,15.3,12.3,,126,,BumpMi00
339,Greg Estandia\EstaGr01,JAX,TE,26,16,1,0,0,0,0,0,0,0,,0,15,10,113,11.30,0,11,23.8,15.3,,61,,EstaGr01
340,Madison Hedgecock\HedgMa00,NYG,RB,27,16,10,0,0,0,0,0,1,0,0.00,0,15,8,52,6.50,1,11,19.2,15.2,,102,,HedgMa00
341,Tony Hunt\HuntTo01,PHI,RB,23,6,2,0,0,0,0,0,4,9,2.25,1,6,6,42,7.00,0,11,16.6,13.1,,103,,HuntTo01
342,Kevin Jones\JoneKe02,CHI,RB,26,11,0,0,0,0,0,0,34,109,3.21,0,2,2,5,2.50,0,11,16.4,12.4,,101,,JoneKe02
343,Lousaka Polite\PoliLo00,MIA,RB,27,11,5,0,0,0,0,0,23,85,3.70,0,8,6,24,4.00,0,11,16.9,13.9,,105,,PoliLo00
344,Drew Stanton\StanDr00,DET,QB,24,3,0,9,17,119,1,0,3,20,6.67,0,0,0,0,,0,11,10.8,10.8,,52,,StanDr00
345,Lawrence Vickers\VickLa00,CLE,RB,25,12,8,0,0,0,0,0,10,31,3.10,0,15,10,78,7.80,0,11,20.9,15.9,,104,,VickLa00
346,Todd Yoder\YodeTo00,WAS,TE,30,16,2,0,0,0,0,0,0,0,,0,10,8,50,6.25,1,11,19.0,15.0,,62,,YodeTo00
347,Vince Young\YounVi00,TEN,QB,25,3,1,22,36,219,1,2,8,27,3.38,0,0,0,0,,0,11,12.5,11.5,,51,,YounVi00
348,Sam Aiken\AikeSa00,NWE,WR,28,14,2,0,0,0,0,0,0,0,,0,11,8,101,12.63,0,10,21.1,14.1,,128,,AikeSa00
349,Darnell Dinkins\DinkDa00,CLE,TE,31,14,2,0,0,0,0,0,0,0,,0,11,5,41,8.20,1,10,15.1,12.6,,63,,DinkDa00
350,Yamon Figurs\FiguYa00,BAL,WR,25,12,0,0,0,0,0,0,0,0,,0,5,1,43,43.00,1,10,9.8,7.8,,127,,FiguYa00
351,Charlie Frye\FryeCh00,SEA,QB,27,2,1,12,23,83,2,2,2,30,15.00,0,0,0,0,,0,10,12.3,12.3,,53,,FryeCh00
352,Quinton Ganther\GantQu00,TEN,RB,24,13,0,0,0,0,0,0,9,61,6.78,0,6,6,43,7.17,0,10,16.4,13.4,,106,,GantQu00
353,Quinn Gray\GrayQu00,KAN,QB,29,1,0,7,8,76,1,0,1,27,27.00,0,0,0,0,,0,10,9.7,9.7,,54,,GrayQu00
354,Korey Hall\HallKo99,GNB,RB,25,11,5,0,0,0,0,0,0,0,,0,7,7,38,5.43,1,10,16.8,13.3,,107,,HallKo99
355,Courtney Taylor\TaylCo00,SEA,WR,24,10,4,0,0,0,0,0,0,0,,0,25,9,98,10.89,0,10,18.8,14.3,,129,,TaylCo00
356,Dominique Zeigler\ZiegDo00,SFO,WR,24,8,0,0,0,0,0,0,0,0,,0,8,5,97,19.40,0,10,14.7,12.2,,130,,ZiegDo00
357,Lance Ball\BallLa00,IND,RB,23,1,0,0,0,0,0,0,13,83,6.38,0,1,1,5,5.00,0,9,9.3,8.3,,109,,BallLa00
358,Najeh Davenport\DaveNa00,2TM,RB,29,6,0,0,0,0,0,0,10,31,3.10,0,4,4,54,13.50,0,9,12.5,10.5,,110,,DaveNa00
359,Early Doucet\DoucEa00,ARI,WR,23,7,0,0,0,0,0,0,0,0,,0,17,14,90,6.43,0,9,23.0,16.0,,132,,DoucEa00
360,Trent Green\GreeTr00,STL,QB,38,3,1,38,72,525,0,6,3,4,1.33,0,0,0,0,,0,9,18.4,15.4,,55,,GreeTr00
361,Jim Kleinsasser\KleiJi00,MIN,TE,31,16,11,0,0,0,0,0,0,0,,0,13,6,92,15.33,0,9,15.2,12.2,,65,,KleiJi00
362,Laurence Maroney\MaroLa00,NWE,RB,23,3,3,0,0,0,0,0,28,93,3.32,0,0,0,0,,0,9,9.3,9.3,,108,,MaroLa00
363,David Thomas\ThomDa02,NWE,TE,25,15,10,0,0,0,0,0,0,0,,0,17,9,93,10.33,0,9,18.3,13.8,,64,,ThomDa02
364,Troy Williamson\WillTr01,JAX,WR,25,8,1,0,0,0,0,0,1,1,1.00,0,13,5,30,6.00,1,9,14.1,11.6,,131,,WillTr01
365,Joel Dreessen\DreeJo00,HOU,TE,26,16,3,0,0,0,0,0,0,0,,0,17,11,77,7.00,0,8,18.2,12.2,,69,,DreeJo00
366,Kyle Eckel\EckeKy00,PHI,RB,27,5,0,0,0,0,0,0,24,79,3.29,0,0,0,0,,0,8,7.9,7.9,,112,,EckeKy00
367,Heath Evans\EvanHe00,NWE,RB,30,16,4,0,0,0,0,0,11,23,2.09,0,4,3,59,19.67,0,8,11.2,9.7,,111,,EvanHe00
368,Daniel Fells\FellDa00,STL,TE,25,12,1,0,0,0,0,0,0,0,,0,11,7,81,11.57,0,8,15.1,11.6,,67,,FellDa00
369,Will Franklin\FranWi00,KAN,WR,23,13,1,0,0,0,0,0,0,0,,0,17,7,83,11.86,0,8,15.3,11.8,,134,,FranWi00
370,Joey Haynos\HaynJo00,MIA,TE,24,7,0,0,0,0,0,0,0,0,,0,4,2,22,11.00,1,8,9.7,8.2,,66,,HaynJo00
371,James Johnson\JohnJa02,CIN,RB,24,4,0,0,0,0,0,0,9,29,3.22,0,7,6,47,7.83,0,8,13.6,10.6,,113,,JohnJa02
372,Rashard Mendenhall\MendRa00,PIT,RB,21,4,1,0,0,0,0,0,19,58,3.05,0,3,2,17,8.50,0,8,9.5,8.5,,114,,MendRa00
373,Legedu Naanee\NaanLe00,SDG,WR,25,16,0,0,0,0,0,0,0,0,,0,11,8,64,8.00,0,8,16.4,12.4,,133,,NaanLe00
374,Leonard Pope\PopeLe00,ARI,TE,25,13,8,0,0,0,0,0,0,0,,0,13,9,77,8.56,0,8,16.7,12.2,,70,,PopeLe00
375,Jim Sorgi\SorgJi00,IND,QB,28,1,0,22,30,178,0,0,5,8,1.60,0,0,0,0,,0,8,7.9,7.9,,56,,SorgJi00
376,Tony Stewart\StewTo00,OAK,TE,29,16,4,0,0,0,0,0,0,0,,0,15,11,81,7.36,0,8,19.1,13.6,,68,,StewTo00
377,Deon Anderson\AndeDe01,DAL,RB,25,14,5,0,0,0,0,0,2,3,1.50,0,3,2,7,3.50,1,7,9.0,8.0,,116,,AndeDe01
378,Lavelle Hawkins\HawkLa00,TEN,WR,22,13,1,0,0,0,0,0,0,0,,0,12,7,68,9.71,0,7,13.8,10.3,,135,,HawkLa00
379,Garrett Mills\MillGa01,MIN,RB,25,8,0,0,0,0,0,0,0,0,,0,11,5,65,13.00,0,7,11.5,9.0,,119,,MillGa01
380,Ovie Mughelli\MughOv00,ATL,RB,28,16,13,0,0,0,0,0,5,16,3.20,0,10,8,57,7.13,0,7,15.3,11.3,,115,,MughOv00
381,Tony Richardson\RichTo00,NYJ,RB,37,16,7,0,0,0,0,0,10,65,6.50,0,7,1,4,4.00,0,7,7.9,7.4,,118,,RichTo00
382,Garrett Wolfe\WolfGa00,CHI,RB,24,13,0,0,0,0,0,0,15,69,4.60,0,0,0,0,,0,7,6.9,6.9,,117,,WolfGa00
383,Richard Angulo\AnguRi00,JAX,TE,28,15,6,0,0,0,0,0,0,0,,0,11,8,63,7.88,0,6,14.3,10.3,,72,,AnguRi00
384,Lorenzo Booker\BookLo00,PHI,RB,24,10,1,0,0,0,0,0,20,53,2.65,0,10,6,11,1.83,0,6,12.4,9.4,,121,,BookLo00
385,Brad Cottam\CottBr00,KAN,TE,24,16,7,0,0,0,0,0,0,0,,0,11,7,63,9.00,0,6,13.3,9.8,,71,,CottBr00
386,Casey Cramer\CramCa00,MIA,RB,26,9,2,0,0,0,0,0,0,0,,0,2,2,3,1.50,1,6,8.3,7.3,,122,,CramCa00
387,Brodie Croyle\CroyBr00,KAN,QB,25,2,2,20,29,151,0,0,0,0,,0,0,0,0,,0,6,6.0,6.0,,57,,CroyBr00
388,Carey Davis\DaviCa00,PIT,RB,27,14,3,0,0,0,0,0,12,35,2.92,0,6,5,27,5.40,0,6,10.2,6.7,,123,,DaviCa00
389,Craig Davis\DaviCr00,SDG,WR,23,4,0,0,0,0,0,0,0,0,,0,7,4,59,14.75,0,6,9.9,7.9,,137,,DaviCr00
390,De Dorsey\DorsDe00,CIN,RB,24,4,0,0,0,0,0,0,5,8,1.60,0,2,2,49,24.50,0,6,7.7,6.7,,126,,DorsDe00
391,Jerome Felton\FeltJe00,DET,RB,22,13,6,0,0,0,0,0,2,4,2.00,0,9,9,53,5.89,0,6,14.7,10.2,,128,,FeltJe00
392,Brad Hoover\HoovBr00,CAR,RB,32,16,11,0,0,0,0,0,9,18,2.00,0,11,6,39,6.50,0,6,11.7,8.7,,127,,HoovBr00
393,Travis Minor\MinoTr00,STL,RB,29,13,0,0,0,0,0,0,13,29,2.23,0,6,5,35,7.00,0,6,10.9,7.9,,120,,MinoTr00
394,Lorenzo Neal\NealLo00,BAL,RB,38,16,5,0,0,0,0,0,12,25,2.08,0,15,7,35,5.00,0,6,13.0,9.5,,124,,NealLo00
395,Limas Sweed\SweeLi00,PIT,WR,24,11,0,0,0,0,0,0,0,0,,0,10,6,64,10.67,0,6,11.4,7.4,,136,,SweeLi00
396,Kenny Watson\WatsKe00,CIN,RB,30,10,0,0,0,0,0,0,13,55,4.23,0,9,3,4,1.33,0,6,8.9,7.4,,125,,WatsKe00
397,Brooks Bollinger\BollBr00,DAL,QB,29,2,0,10,17,71,1,1,0,0,,0,0,0,0,,0,5,5.8,5.8,,58,,BollBr00
398,Bubba Franks\FranBu00,NYJ,TE,30,8,4,0,0,0,0,0,0,0,,0,12,6,47,7.83,0,5,10.7,7.7,,73,,FranBu00
399,Derek Hagan\HagaDe00,2TM,WR,24,5,0,0,0,0,0,0,0,0,,0,6,3,51,17.00,0,5,8.1,6.6,,139,,HagaDe00
400,Laurent Robinson\RobiLa01,ATL,WR,23,6,0,0,0,0,0,0,0,0,,0,6,5,52,10.40,0,5,10.2,7.7,,138,,RobiLa01
401,Owen Schmitt\SchmOw00,SEA,RB,23,15,1,0,0,0,0,0,5,21,4.20,0,8,6,29,4.83,0,5,11.0,8.0,,129,,SchmOw00
402,Jeff Webb\WebbJe00,KAN,WR,26,5,1,0,0,0,0,0,0,0,,0,13,5,46,9.20,0,5,9.6,7.1,,140,,WebbJe00
403,Anthony Becht\BechAn00,STL,TE,31,16,11,0,0,0,0,0,0,0,,0,11,6,39,6.50,0,4,9.9,6.9,,75,,BechAn00
404,Mike Cox\Cox_Mi20,KAN,RB,23,16,5,0,0,0,0,0,1,-2,-2.00,0,13,8,19,2.38,0,4,11.7,7.7,,132,,Cox_Mi20
405,Kregg Lumpkin\LumpKr00,GNB,RB,24,2,0,0,0,0,0,0,1,19,19.00,0,3,3,22,7.33,0,4,7.1,5.6,,130,,LumpKr00
406,Logan Payne\PaynLo20,SEA,WR,23,2,2,0,0,0,0,0,0,0,,0,4,3,39,13.00,0,4,6.4,4.4,,141,,PaynLo20
407,Naufahu Tahi\TahiNa00,MIN,RB,27,16,5,0,0,0,0,0,0,0,,0,21,16,37,2.31,0,4,19.2,10.7,,133,,TahiNa00
408,Chris Taylor\TaylCh02,HOU,RB,25,3,0,0,0,0,0,0,14,37,2.64,0,0,0,0,,0,4,3.2,2.7,,131,,TaylCh02
409,Jerame Tuman\TumaJe00,ARI,TE,32,3,2,0,0,0,0,0,0,0,,0,3,3,41,13.67,0,4,7.1,5.6,,74,,TumaJe00
410,Andrew Walter\WaltAn00,OAK,QB,26,2,1,22,49,204,0,3,5,19,3.80,0,0,0,0,,0,4,6.1,5.1,,59,,WaltAn00
411,George Wrighster\WrigGe00,JAX,TE,27,5,2,0,0,0,0,0,0,0,,0,3,2,35,17.50,0,4,5.5,4.5,,76,,WrigGe00
412,Shaun Alexander\AlexSh00,WAS,RB,31,4,0,0,0,0,0,0,11,24,2.18,0,1,1,9,9.00,0,3,4.3,3.8,,136,,AlexSh00
413,Billy Bajema\BajeBi00,SFO,TE,26,16,10,0,0,0,0,0,0,0,,0,4,2,34,17.00,0,3,5.4,4.4,,77,,BajeBi00
414,Darian Barnes\BarnDa00,3TM,RB,28,9,2,0,0,0,0,0,0,0,,0,3,2,34,17.00,0,3,4.9,3.4,,134,,BarnDa00
415,Tom Brady\BradTo00,NWE,QB,31,1,1,7,11,76,0,0,0,0,,0,0,0,0,,0,3,3.0,3.0,,60,,BradTo00
416,Aveion Cason\CasoAv00,DET,RB,29,7,0,0,0,0,0,0,4,7,1.75,0,4,4,27,6.75,0,3,6.9,4.4,,135,,CasoAv00
417,David Clowney\ClowDa00,NYJ,WR,23,2,0,0,0,0,0,0,0,0,,0,2,1,26,26.00,0,3,3.6,3.1,,144,,ClowDa00
418,Tony Curtis\CurtTo00,DAL,TE,25,16,6,0,0,0,0,0,0,0,,0,12,8,32,4.00,0,3,10.7,6.2,,78,,CurtTo00
419,Robert Ferguson\FergRo00,MIN,WR,29,8,0,0,0,0,0,0,0,0,,0,5,3,25,8.33,0,3,5.5,4.0,,145,,FergRo00
420,Ben Hartsock\HartBe00,ATL,TE,28,11,11,0,0,0,0,0,0,0,,0,6,3,26,8.67,0,3,5.6,4.1,,80,,HartBe00
421,Mike Hart\HartMi00,IND,RB,22,5,0,0,0,0,0,0,2,9,4.50,0,1,1,18,18.00,0,3,3.2,2.2,,139,,HartMi00
422,Will Heller\HellWi00,SEA,TE,27,12,0,0,0,0,0,0,0,0,,0,6,4,29,7.25,0,3,6.4,3.9,,79,,HellWi00
423,Chad Henne\HennCh01,MIA,QB,23,3,0,7,12,67,0,0,0,0,,0,0,0,0,,0,3,2.7,2.7,,61,,HennCh01
424,Luke Lawton\LawtLu00,OAK,RB,28,16,7,0,0,0,0,0,0,0,,0,11,6,30,5.00,0,3,9.0,6.0,,137,,LawtLu00
425,Brandon London\LondBr00,MIA,WR,24,14,1,0,0,0,0,0,0,0,,0,6,3,30,10.00,0,3,6.0,4.5,,143,,LondBr00
426,Glenn Martinez\MartGl00,DEN,WR,27,2,0,0,0,0,0,0,0,0,,0,4,3,32,10.67,0,3,6.2,4.7,,142,,MartGl00
427,Michael Matthews\MattMi00,NYG,TE,25,16,5,0,0,0,0,0,0,0,,0,3,2,26,13.00,0,3,4.6,3.6,,82,,MattMi00
428,Jalen Parmele\ParmJa00,BAL,RB,23,1,0,0,0,0,0,0,2,27,13.50,0,0,0,0,,0,3,2.7,2.7,,138,,ParmJa00
429,Jason Rader\RadeJa00,ATL,TE,27,6,1,0,0,0,0,0,0,0,,0,1,1,26,26.00,0,3,3.1,2.1,,81,,RadeJa00
430,Maurice Stovall\StovMa00,TAM,WR,23,5,0,0,0,0,0,0,0,0,,0,7,3,25,8.33,0,3,5.0,3.0,,147,,StovMa00
431,Ernest Wilford\WilfEr00,MIA,WR,29,7,0,0,0,0,0,0,0,0,,0,6,3,25,8.33,0,3,5.5,4.0,,146,,WilfEr00
432,Dan Campbell\CampDa00,DET,TE,32,1,0,0,0,0,0,0,0,0,,0,1,1,21,21.00,0,2,3.1,2.6,,84,,CampDa00
433,Daniel Coats\CoatDa00,CIN,TE,24,16,4,0,0,0,0,0,0,0,,0,10,2,19,9.50,0,2,3.9,2.9,,86,,CoatDa00
434,Jameel Cook\CookJa00,TAM,RB,29,10,1,0,0,0,0,0,0,0,,0,5,3,24,8.00,0,2,5.4,3.9,,142,,CookJa00
435,Fred Davis\DaviFr01,WAS,TE,22,11,2,0,0,0,0,0,1,-3,-3.00,0,10,3,27,9.00,0,2,5.4,3.9,,83,,DaviFr01
436,Jeff Dugan\DugaJe00,MIN,TE,27,9,2,0,0,0,0,0,4,7,1.75,0,2,2,12,6.00,0,2,3.9,2.9,,85,,DugaJe00
437,Pierre Garcon\GarcPi00,IND,WR,22,14,0,0,0,0,0,0,0,0,,0,4,4,23,5.75,0,2,6.3,4.3,,149,,GarcPi00
438,Chad Jackson\JackCh00,DEN,WR,23,4,0,0,0,0,0,0,0,0,,0,1,1,19,19.00,0,2,2.4,1.4,,150,,JackCh00
439,Malcolm Kelly\KellMa01,WAS,WR,22,5,0,0,0,0,0,0,0,0,,0,11,3,18,6.00,0,2,4.8,3.3,,151,,KellMa01
440,Luke McCown\McCoLu00,TAM,QB,27,2,0,0,1,0,0,0,3,15,5.00,0,0,0,0,,0,2,1.5,1.5,,63,,McCoLu00
441,Sean McHugh\McHuSe00,PIT,RB,26,15,3,0,0,0,0,0,0,0,,0,4,3,24,8.00,0,2,5.4,3.9,,141,,McHuSe00
442,Brandon Middleton\MiddBr00,DET,WR,27,8,0,0,0,0,0,0,0,0,,0,3,1,23,23.00,0,2,1.8,-0.2,,148,,MiddBr00
443,Moran Norris\NorrMo00,DET,RB,30,11,8,0,0,0,0,0,1,1,1.00,0,7,4,16,4.00,0,2,5.7,3.7,,144,,NorrMo00
444,Martin Rucker\RuckMa00,CLE,TE,23,5,1,0,0,0,0,0,0,0,,0,6,2,17,8.50,0,2,3.7,2.7,,87,,RuckMa00
445,Sean Ryan\RyanSe00,3TM,TE,28,8,1,0,0,0,0,0,0,0,,0,5,3,15,5.00,0,2,4.5,3.0,,88,,RyanSe00
446,Steve Sanders\SandSt20,CLE,WR,26,5,0,0,0,0,0,0,0,0,,0,5,1,18,18.00,0,2,2.8,2.3,,152,,SandSt20
447,Terrelle Smith\SmitTe00,ARI,RB,30,15,6,0,0,0,0,0,0,0,,0,6,2,24,12.00,0,2,4.4,3.4,,140,,SmitTe00
448,Stephen Spach\SpacSt00,2TM,TE,26,11,6,0,0,0,0,0,0,0,,0,6,2,15,7.50,0,2,3.5,2.5,,89,,SpacSt00
449,Isaiah Stanback\StanIs00,DAL,QB,24,8,0,0,0,0,0,0,0,0,,0,3,2,24,12.00,0,2,4.4,3.4,,62,,StanIs00
450,Danny Ware\WareDa00,NYG,RB,23,6,0,0,0,0,0,0,2,15,7.50,0,0,0,0,,0,2,1.5,1.5,,145,,WareDa00
451,Chauncey Washington\WashCh00,JAX,RB,23,6,0,0,0,0,0,0,4,9,2.25,0,1,1,9,9.00,0,2,2.8,2.3,,143,,WashCh00
452,Charles Ali\AlixCh00,CLE,RB,24,15,4,0,0,0,0,0,0,0,,0,6,4,13,3.25,0,1,5.3,3.3,,148,,AlixCh00
453,Dallas Baker\BakeDa01,PIT,WR,26,8,0,0,0,0,0,0,0,0,,0,2,1,6,6.00,0,1,1.6,1.1,,158,,BakeDa01
454,Michael Bennett\BennMi00,2TM,RB,30,7,0,0,0,0,0,0,7,12,1.71,0,1,1,2,2.00,0,1,2.4,1.9,,146,,BennMi00
455,Rock Cartwright\CartRo01,WAS,RB,29,16,0,0,0,0,0,0,5,14,2.80,0,1,1,-7,-7.00,0,1,1.7,1.2,,155,,CartRo01
456,Tim Castille\CastTi20,ARI,RB,24,14,0,0,0,0,0,0,0,0,,0,4,4,11,2.75,0,1,5.1,3.1,,150,,CastTi20
457,Jesse Chatman\ChatJe00,NYJ,RB,29,3,0,0,0,0,0,0,5,8,1.60,0,2,2,5,2.50,0,1,3.3,2.3,,147,,ChatJe00
458,Brian Clark\ClarBr00,TAM,WR,25,9,0,0,0,0,0,0,0,0,,0,2,1,12,12.00,0,1,2.2,1.7,,154,,ClarBr00
459,Jason Davis\DaviJa00,2TM,RB,25,6,3,0,0,0,0,0,1,0,0.00,0,3,1,12,12.00,0,1,2.2,1.7,,149,,DaviJa00
460,Ken Dorsey\DorsKe00,CLE,QB,27,4,3,43,91,370,0,7,2,0,0.00,0,0,0,0,,0,1,9.8,5.8,,66,,DorsKe00
461,Matt Flynn\FlynMa00,GNB,QB,23,7,0,2,5,6,0,0,4,4,1.00,0,0,0,0,,0,1,0.1,-0.4,,68,,FlynMa00
462,Nick Goings\GoinNi00,CAR,RB,30,16,0,0,0,0,0,0,9,10,1.11,0,3,3,1,0.33,0,1,4.1,2.6,,151,,GoinNi00
463,Marques Hagans\HagaMa00,3TM,WR,26,6,0,1,1,5,0,0,1,2,2.00,0,2,1,7,7.00,0,1,2.1,1.6,,155,,HagaMa00
464,Roy Hall\HallRo02,IND,WR,25,4,0,0,0,0,0,0,0,0,,0,4,1,9,9.00,0,1,1.9,1.4,,156,,HallRo02
465,Drew Henson\HensDr00,DET,QB,28,2,0,1,2,20,0,0,0,0,,0,0,0,0,,0,1,-0.2,-1.2,,65,,HensDr00
466,Nate Lawrie\LawrNa00,CIN,TE,27,8,3,0,0,0,0,0,0,0,,0,4,2,11,5.50,0,1,3.1,2.1,,91,,LawrNa00
467,Brian Leonard\LeonBr00,STL,RB,24,2,0,0,0,0,0,0,2,7,3.50,0,0,0,0,,0,1,0.7,0.7,,154,,LeonBr00
468,Mario Manningham\MannMa01,NYG,WR,22,7,0,0,0,0,0,0,1,-12,-12.00,0,6,4,26,6.50,0,1,5.4,3.4,,153,,MannMa01
469,Xavier Omon\OmonXa00,BUF,RB,23,2,0,0,0,0,0,0,6,5,0.83,0,0,0,0,,0,1,0.5,0.5,,156,,OmonXa00
470,Patrick Ramsey\RamsPa00,DEN,QB,29,1,0,2,3,19,0,0,0,0,,0,0,0,0,,0,1,0.3,-0.2,,67,,RamsPa00
471,Matt Schobel\SchoMa00,PHI,TE,30,5,1,0,0,0,0,0,0,0,,0,3,2,10,5.00,0,1,3.0,2.0,,92,,SchoMa00
472,Olaniyi Sobomehin\SoboOl00,NOR,RB,24,1,0,0,0,0,0,0,0,0,,0,3,2,8,4.00,0,1,2.3,0.8,,152,,SoboOl00
473,Craig Stevens\StevCr00,TEN,TE,24,16,2,0,0,0,0,0,0,0,,0,2,1,9,9.00,0,1,1.9,1.4,,93,,StevCr00
474,Jacob Tamme\TammJa00,IND,TE,23,12,0,0,0,0,0,0,0,0,,0,5,3,12,4.00,0,1,4.2,2.7,,90,,TammJa00
475,Thomas Tapeh\TapeTh00,MIN,RB,28,2,1,0,0,0,0,0,0,0,,0,3,1,7,7.00,0,1,1.7,1.2,,153,,TapeTh00
476,Marques Tuiasosopo\TuiaMa00,OAK,QB,29,2,0,1,2,4,0,0,2,11,5.50,0,0,0,0,,0,1,0.3,-0.7,,64,,TuiaMa00
477,Paul Williams\WillPa00,TEN,WR,25,5,0,0,0,0,0,0,0,0,,0,3,1,7,7.00,0,1,1.7,1.2,,157,,WillPa00
478,Gary Barnidge\BarnGa01,CAR,,23,15,0,0,0,0,0,0,0,0,,0,1,0,0,,0,,,,,113,,BarnGa01
479,Jackie Battle\BattJa00,KAN,RB,25,9,0,0,0,0,0,0,0,0,,0,1,1,-2,-2.00,0,,0.8,0.3,,171,,BattJa00
480,Drew Bennett\BennDr00,STL,WR,30,1,0,0,0,0,0,0,0,0,,0,1,1,4,4.00,0,,1.4,0.9,,159,,BennDr00
481,Earl Bennett\BennEa00,CHI,,21,10,0,0,0,0,0,0,0,0,,0,1,0,0,,0,,,,,163,,BennEa00
482,Brock Berlin\BerlBr00,STL,QB,27,1,0,1,3,6,0,0,0,0,,0,0,0,0,,0,,0.2,0.2,,71,,BerlBr00
483,Cory Boyd\BoydCo01,DEN,,23,1,0,0,0,0,0,0,0,0,,0,,0,0,,0,,,,,161,,BoydCo01
484,Mark Bruener\BrueMa00,HOU,,36,2,0,0,0,0,0,0,0,0,,0,,0,0,,0,,,,,108,,BrueMa00
485,Mark Brunell\BrunMa00,NOR,,38,2,0,0,0,0,0,0,0,0,,0,,0,0,,0,,,,,72,,BrunMa00
486,Brad Cieslak\CiesBr00,CLE,,26,1,0,0,0,0,0,0,0,0,,0,0,0,0,,0,,,,,104,,CiesBr00
487,Alonzo Coleman\ColeAl21,DAL,,24,1,0,0,0,0,0,0,0,0,,0,,0,0,,0,,,,,164,,ColeAl21
488,Terrance Copper\CoppTe00,2TM,,26,7,0,0,0,0,0,0,0,0,,0,2,0,0,,0,,,,,185,,CoppTe00
489,Kellen Davis\DaviKe01,CHI,,23,16,0,0,0,0,0,0,0,0,,0,0,0,0,,0,,,,,95,,DaviKe01
490,Clifton Dawson\DawsCl00,IND,,25,2,0,0,0,0,0,0,0,0,,0,,0,0,,0,,,,,163,,DawsCl00
491,James Dearth\DearJa00,NYJ,,32,16,0,0,0,0,0,0,0,0,,0,,0,0,,0,,,,,110,,DearJa00
492,Tyson DeVree\DeVrTy20,NWE,,24,2,0,0,0,0,0,0,0,0,,0,1,0,0,,0,,,,,114,,DeVrTy20
493,Dennis Dixon\DixoDe00,PIT,QB,23,1,0,1,1,3,0,0,2,-3,-1.50,0,0,0,0,,0,,-0.2,-0.2,,73,,DixoDe00
494,Reuben Droughns\DrouRe00,NYG,,30,12,0,0,0,0,0,0,0,0,,0,0,0,0,,0,,,,,169,,DrouRe00
495,Justin Forsett\ForsJu00,2TM,,23,14,0,0,0,0,0,0,0,0,,0,0,0,0,,0,,,,,162,,ForsJu00
496,Samkon Gado\GadoSa00,STL,RB,26,1,0,0,0,0,0,0,2,4,2.00,0,1,1,-1,-1.00,0,,1.3,0.8,,158,,GadoSa00
497,Skyler Green\GreeSk20,NOR,,24,2,0,0,0,0,0,0,0,0,,0,0,0,0,,0,,-0.5,-1.0,,168,,GreeSk20
498,Justin Hamilton\HamiJu20,WAS,,26,2,0,0,0,0,0,0,0,0,,0,,0,0,,0,,,,,166,,HamiJu20
499,Lynell Hamilton\HamiLy20,NOR,,23,1,0,0,0,0,0,0,0,0,,0,,0,0,,0,,,,,165,,HamiLy20
500,Clark Harris\HarrCl20,HOU,,24,4,0,0,0,0,0,0,0,0,,0,,0,0,,0,,,,,102,,HarrCl20
501,Chris Henry\HenrCh01,TEN,RB,23,1,0,0,0,0,0,0,1,3,3.00,0,0,0,0,,0,,0.3,0.3,,157,,HenrCh01
502,Nathan Hodel\HodeNa20,ARI,,31,16,0,0,0,0,0,0,0,0,,0,,0,0,,0,,,,,107,,HodeNa20
503,Sam Hurd\HurdSa00,DAL,,23,3,0,0,0,0,0,0,0,0,,0,0,0,0,,0,,,,,175,,HurdSa00
504,Dexter Jackson\JackDe01,TAM,,22,7,0,0,0,0,0,0,0,0,,0,0,0,0,,0,,-0.5,-1.0,,180,,JackDe01
505,Darnell Jenkins\JenkDa20,HOU,,26,1,0,0,0,0,0,0,0,0,,0,,0,0,,0,,,,,174,,JenkDa20
506,Justin Jenkins\JenkJu00,BUF,,28,13,0,0,0,0,0,0,0,0,,0,0,0,0,,0,,,,,182,,JenkJu00
507,Adam Jennings\JennAd00,2TM,,26,14,0,0,0,0,0,0,0,0,,0,2,0,0,,0,,-2.0,-4.0,,172,,JennAd00
508,Brian Jennings\JennBr00,SFO,,32,16,0,0,0,0,0,0,0,0,,0,0,0,0,,0,,,,,100,,JennBr00
509,Eddie Kennison\KennEd00,STL,,35,3,1,0,0,0,0,0,0,0,,0,2,0,0,,0,,,,,166,,KennEd00
510,Jordan Kent\KentJo20,SEA,,24,9,1,0,0,0,0,0,0,0,,0,7,0,0,,0,,,,,186,,KentJo20
511,David Kirtman\KirtDa00,SFO,,25,1,0,0,0,0,0,0,0,0,,0,,0,0,,0,,,,,167,,KirtDa00
512,Dan Kreider\KreiDa00,STL,RB,31,11,4,0,0,0,0,0,1,0,0.00,0,5,0,0,,0,,,,,160,,KreiDa00
513,Mike Leach\LeacMi00,DEN,,32,16,0,0,0,0,0,0,0,0,,0,,0,0,,0,,,,,99,,LeacMi00
514,Cleo Lemon\LemoCl00,JAX,QB,29,2,0,0,2,0,0,0,2,-3,-1.50,0,0,0,0,,0,,-0.3,-0.3,,74,,LemoCl00
515,Elbert Mack\MackEl20,TAM,,22,15,0,0,0,0,0,0,0,0,,0,0,0,0,,0,,,,,165,,MackEl20
516,John Madsen\MadsJo00,OAK,,25,4,0,0,0,0,0,0,0,0,,0,1,0,0,,0,,,,,173,,MadsJo00
517,Josh McCown\McCoJo01,CAR,QB,29,2,0,0,0,0,0,0,4,-3,-0.75,0,0,0,0,,0,,-0.3,-0.3,,75,,McCoJo01
518,Corey McIntyre\McInCo00,BUF,RB,29,11,2,0,0,0,0,0,0,0,,0,3,2,-1,-0.50,0,,1.9,0.9,,170,,McInCo00
519,Sean Morey*\MoreSe00,ARI,,32,16,0,0,0,0,0,0,0,0,,0,0,0,0,,0,,,,,177,,MoreSe00
520,Chad Mustard\MustCh00,DEN,,31,8,0,0,0,0,0,0,0,0,,0,0,0,0,,0,,,,,96,,MustCh00
521,Kevin O'Connell\OConKe00,NWE,QB,23,2,0,4,6,23,0,0,3,-6,-2.00,0,0,0,0,,0,,0.3,0.3,,69,,OConKe00
522,Buck Ortega\OrteBu00,NOR,TE,27,11,1,0,0,0,0,0,0,0,,0,3,1,3,3.00,0,,1.3,0.8,,94,,OrteBu00
523,Kassim Osgood\OsgoKa00,SDG,,28,16,0,0,0,0,0,0,0,0,,0,0,0,0,,0,,,,,176,,OsgoKa00
524,Marcus Pollard\PollMa00,ATL,,36,1,0,0,0,0,0,0,0,0,,0,,0,0,,0,,,,,112,,PollMa00
525,Jeb Putzier\PutzJe00,2TM,,29,8,1,0,0,0,0,0,0,0,,0,4,0,0,,0,,,,,105,,PutzJe00
526,Brandon Rideau\RideBr00,CHI,,26,2,0,0,0,0,0,0,0,0,,0,0,0,0,,0,,,,,179,,RideBr00
527,Jeff Robinson\RobiJe00,SEA,,38,16,0,0,0,0,0,0,0,0,,0,,0,0,,0,,,,,98,,RobiJe00
528,Courtney Roby\RobyCo00,2TM,,25,6,0,0,0,0,0,0,0,0,,0,0,0,0,,0,,,,,178,,RobyCo00
529,Cliff Russell\RussCl00,DEN,,29,2,0,0,0,0,0,0,0,0,,0,2,0,0,,0,,,,,164,,RussCl00
530,Cecil Sapp\SappCe00,HOU,RB,30,12,0,0,0,0,0,0,2,-3,-1.50,0,0,0,0,,0,,-0.3,-0.3,,172,,SappCe00
531,Chris Simms\SimmCh00,TEN,QB,28,1,0,1,2,7,0,0,0,0,,0,0,0,0,,0,,0.3,0.3,,70,,SimmCh00
532,Jerome Simpson\SimpJe00,CIN,WR,22,6,1,0,0,0,0,0,0,0,,0,3,1,2,2.00,0,,1.2,0.7,,162,,SimpJe00
533,Matt Slater\SlatMa00,NWE,,23,14,0,0,0,0,0,0,0,0,,0,2,0,0,,0,,-1.0,-2.0,,183,,SlatMa00
534,Marcus Smith\SmitMa01,BAL,,23,7,0,0,0,0,0,0,0,0,,0,4,0,0,,0,,,,,184,,SmitMa01
535,Justin Snow\SnowJu00,IND,,32,16,0,0,0,0,0,0,0,0,,0,,0,0,,0,,,,,106,,SnowJu00
536,Brad St. Louis\StLoBr00,CIN,,32,16,0,0,0,0,0,0,0,0,,0,,0,0,,0,,,,,109,,StLoBr00
537,Byron Storer\StorBy00,TAM,,24,6,3,0,0,0,0,0,0,0,,0,0,0,0,,0,,,,,168,,StorBy00
538,Darrell Strong\StroDa20,OAK,,22,1,0,0,0,0,0,0,0,0,,0,,0,0,,0,,,,,111,,StroDa20
539,Marcus Thomas\ThomMa01,2TM,,24,5,0,0,0,0,0,0,0,0,,0,0,0,0,,0,,,,,159,,ThomMa01
540,Ben Troupe\TrouBe00,TAM,,26,2,0,0,0,0,0,0,0,0,,0,,0,0,,0,,,,,101,,TrouBe00
541,Kelley Washington\WashKe00,NWE,WR,29,10,0,0,0,0,0,0,0,0,,0,2,1,3,3.00,0,,1.3,0.8,,161,,WashKe00
542,Todd Watkins\WatkTo20,OAK,,25,8,0,0,0,0,0,0,0,0,,0,1,0,0,,0,,,,,167,,WatkTo20
543,Eric Weems\WeemEr00,ATL,WR,23,6,0,0,0,0,0,0,0,0,,0,1,1,4,4.00,0,,1.4,0.9,,160,,WeemEr00
544,Ernie Wheelwright\WheeEr21,BAL,,24,3,0,0,0,0,0,0,0,0,,0,,0,0,,0,,,,,169,,WheeEr21
545,George Wilson\WilsGe01,BUF,,27,16,3,0,0,0,0,0,0,0,,0,0,0,0,,0,,,,,170,,WilsGe01
546,Kris Wilson\WilsKr00,SDG,,27,3,0,0,0,0,0,0,0,0,,0,,0,0,,0,,,,,97,,WilsKr00
547,D'Juan Woods\WoodDJ20,JAX,,24,1,0,0,0,0,0,0,0,0,,0,,0,0,,0,,,,,181,,WoodDJ20
548,Wallace Wright\WrigWa00,NYJ,,24,16,0,0,0,0,0,0,0,0,,0,0,0,0,,0,,,,,171,,WrigWa00
549,Joe Zelenka\ZeleJo00,JAX,,32,16,0,0,0,0,0,0,0,0,,0,,0,0,,0,,,,,103,,ZeleJo00
550,Kellen Clemens\ClemKe00,NYJ,QB,25,2,0,3,5,26,0,1,3,-3,-1.00,0,0,0,0,,0,-1,-0.3,-0.3,,76,,ClemKe00
551,Kevin Kolb\KolbKe00,PHI,QB,24,6,0,17,34,144,0,4,13,2,0.15,0,0,0,0,,0,-2,2.0,2.0,,78,,KolbKe00
552,Jordan Palmer\PalmJo20,CIN,QB,24,3,0,7,12,41,0,2,1,4,4.00,0,0,0,0,,0,-2,,,,77,,PalmJo20
553,Bruce Gradkowski\GradBr00,CLE,QB,25,2,1,7,21,26,0,3,1,2,2.00,0,0,0,0,,0,-5,-1.8,-1.8,,79,,GradBr00
