,,,,,Games,Games,Passing,Passing,Passing,Passing,Passing,Rushing,Rushing,Rushing,Rushing,Receiving,Receiving,Receiving,Receiving,Receiving,Fantasy,Fantasy,Fantasy,Fantasy,Fantasy,Fantasy
Rk,,Tm,FantPos,Age,G,GS,Cmp,Att,Yds,TD,Int,Att,Yds,Y/A,TD,Tgt,Rec,Yds,Y/R,TD,FantPt,DKPt,FDPt,VBD,PosRank,OvRank
1,Priest Holmes*+\HolmPr00,KAN,RB,30,16,16,0,1,0,0,0,320,1420,4.44,27,90,74,690,9.32,0,373,452.5,409.0,231,1,1
2,Ahman Green*\GreeAh00,GNB,RB,26,16,16,0,0,0,0,0,355,1883,5.30,15,60,50,367,7.34,5,345,397.5,363.0,203,2,2
3,LaDainian Tomlinson\TomlLa00,SDG,RB,24,16,16,1,1,21,1,0,313,1645,5.26,13,137,100,725,7.25,4,344,448.8,391.8,202,3,3
4,Jamal Lewis*+\LewiJa00,BAL,RB,24,16,16,0,0,0,0,0,387,2066,5.34,14,38,26,205,7.88,0,311,339.1,316.1,169,4,4
5,Randy Moss*+\MossRa00,MIN,WR,26,16,16,0,1,0,0,0,6,18,3.00,0,172,111,1632,14.70,17,267,380.5,321.5,163,1,5
6,Torry Holt*+\HoltTo00,STL,WR,27,16,15,0,0,0,0,0,1,5,5.00,0,183,117,1696,14.50,12,242,361.6,299.6,138,2,6
7,Clinton Portis*\PortCl00,DEN,RB,22,13,13,0,0,0,0,0,290,1591,5.49,14,51,38,314,8.26,0,277,319.0,292.5,135,5,7
8,Shaun Alexander*\AlexSh00,SEA,RB,26,16,15,0,0,0,0,0,326,1435,4.40,14,59,42,295,7.02,2,269,315.0,286.0,127,6,8
9,Deuce McAllister*\McAlDe00,NOR,RB,25,16,16,0,2,0,0,0,351,1641,4.68,8,87,69,516,7.48,0,264,335.7,292.2,122,7,9
10,Fred Taylor\TaylFr00,JAX,RB,27,16,16,0,0,0,0,0,345,1572,4.56,6,74,48,370,7.71,1,236,287.2,254.2,94,8,10
11,Chad Johnson*\JohnCh01,CIN,WR,25,16,14,0,0,0,0,0,0,0,,0,154,90,1355,15.06,10,196,288.5,240.5,91,3,11
12,Ricky Williams\WillRi00,MIA,RB,26,16,16,0,0,0,0,0,392,1372,3.50,9,62,50,351,7.02,1,232,284.8,250.3,90,9,12
13,Tony Gonzalez*+\GonzTo00,KAN,TE,27,16,16,0,0,0,0,0,0,0,,0,106,71,916,12.90,10,152,225.6,187.1,87,1,13
14,Anquan Boldin*\BoldAn00,ARI,WR,23,16,16,0,1,0,0,1,5,40,8.00,0,165,101,1377,13.63,8,188,291.2,236.2,83,4,14
15,Marvin Harrison*\HarrMa00,IND,WR,31,15,15,0,0,0,0,0,1,3,3.00,0,142,94,1272,13.53,10,188,283.5,232.5,83,5,15
16,Edgerrin James\JameEd00,IND,RB,25,13,13,0,0,0,0,0,310,1259,4.06,11,71,51,292,5.73,0,221,275.6,241.6,79,10,16
17,Hines Ward*\WardHi00,PIT,WR,27,16,16,0,0,0,0,0,11,61,5.55,0,156,95,1163,12.24,10,182,280.4,229.9,78,6,17
18,Derrick Mason*\MasoDe00,TEN,WR,29,16,16,0,0,0,0,0,3,11,3.67,0,133,95,1303,13.72,8,179,277.4,226.9,75,7,18
19,Travis Henry\HenrTr00,BUF,RB,25,15,15,0,1,0,0,1,331,1356,4.10,10,40,28,158,5.64,1,215,246.9,223.4,73,11,19
20,Santana Moss\MossSa00,NYJ,WR,24,16,12,0,0,0,0,0,10,67,6.70,0,117,74,1105,14.93,10,177,252.2,210.2,73,8,20
21,Stephen Davis*\DaviSt00,CAR,RB,29,14,14,0,0,0,0,0,318,1444,4.54,8,17,14,159,11.36,0,208,226.8,212.3,66,12,21
22,Darrell Jackson\JackDa00,SEA,WR,25,16,16,0,0,0,0,0,0,0,,0,130,68,1137,16.72,9,168,238.2,200.7,63,9,22
23,Daunte Culpepper*\CulpDa00,MIN,QB,26,14,14,295,454,3479,25,11,73,422,5.78,4,0,0,0,,0,285,294.4,280.4,62,1,23
24,Keenan McCardell*\McCaKe00,TAM,WR,33,16,16,0,0,0,0,0,0,0,,0,139,84,1174,13.98,8,165,257.9,212.4,61,10,24
25,Chris Chambers\ChamCh00,MIA,WR,25,16,16,0,0,0,0,0,4,30,7.50,0,130,64,963,15.05,11,165,231.8,196.3,61,11,25
26,Shannon Sharpe\SharSh00,DEN,TE,35,15,15,0,0,0,0,0,0,0,,0,94,62,770,12.42,8,125,190.0,156.0,60,2,26
27,Terrell Owens*\OwenTe00,SFO,WR,30,15,15,0,0,0,0,0,3,-2,-0.67,0,146,80,1102,13.78,9,164,247.0,204.0,60,12,27
28,Laveranues Coles*\ColeLa00,WAS,WR,26,16,16,0,0,0,0,0,10,39,3.90,0,159,82,1204,14.68,6,160,245.3,201.3,56,13,28
29,Joe Horn\HornJo00,NOR,WR,31,15,14,1,1,14,0,0,2,15,7.50,0,130,78,973,12.47,10,159,239.4,196.4,55,14,29
Rk,,Tm,FantPos,Age,G,GS,Cmp,Att,Yds,TD,Int,Att,Yds,Y/A,TD,Tgt,Rec,Yds,Y/R,TD,FantPt,DKPt,FDPt,VBD,PosRank,OvRank
30,Steve Smith\SmitSt01,CAR,WR,24,16,11,0,0,0,0,0,11,42,3.82,0,142,88,1110,12.61,7,157,251.7,202.2,53,15,30
31,Peyton Manning*+\MannPe00,IND,QB,27,16,16,379,566,4267,29,10,28,26,0.93,0,1,1,-2,-2.00,0,271,282.1,275.6,48,2,31
32,Tiki Barber\BarbTi00,NYG,RB,28,16,16,0,0,0,0,0,278,1216,4.37,2,98,69,461,6.68,1,188,258.2,213.2,46,13,32
33,Moe Williams\WillMo00,MIN,RB,29,16,7,0,0,0,0,0,174,745,4.28,5,87,65,644,9.91,3,187,256.9,217.4,45,14,33
34,Domanick Williams\DaviDo01,HOU,RB,23,14,10,0,0,0,0,0,238,1031,4.33,8,68,47,351,7.47,0,186,237.2,205.7,44,15,34
35,Peter Warrick\WarrPe00,CIN,WR,26,15,14,0,0,0,0,0,18,157,8.72,0,122,79,819,10.37,7,140,229.6,183.1,35,16,35
36,Marshall Faulk\FaulMa00,STL,RB,30,11,11,0,0,0,0,0,209,818,3.91,10,61,45,290,6.44,1,177,227.8,199.3,35,16,36
37,Kevan Barlow\BarlKe00,SFO,RB,24,16,4,0,0,0,0,0,201,1024,5.09,6,44,35,307,8.77,1,175,213.6,187.6,33,17,37
38,Todd Heap*\HeapTo00,BAL,TE,23,16,16,0,0,0,0,0,3,21,7.00,0,112,57,693,12.16,3,97,156.9,124.9,33,3,38
39,Amani Toomer\ToomAm00,NYG,WR,29,16,16,0,0,0,0,0,1,5,5.00,0,152,63,1057,16.78,5,136,202.2,167.7,32,17,39
40,Trent Green*\GreeTr00,KAN,QB,33,16,16,330,523,4039,24,12,26,83,3.19,2,0,0,0,,0,254,266.4,260.9,30,3,40
41,Steve McNair*\McNaSt00,TEN,QB,30,14,14,250,400,3215,24,7,38,138,3.63,4,1,1,4,4.00,0,253,260.8,248.3,29,4,41
42,David Boston\BostDa00,SDG,WR,25,14,14,0,0,0,0,0,3,18,6.00,0,115,70,880,12.57,7,134,205.8,166.8,29,18,42
43,Matt Hasselbeck*\HassMa00,SEA,QB,28,16,16,313,513,3841,26,15,36,125,3.47,2,0,0,0,,0,252,271.1,263.1,29,5,43
44,Isaac Bruce\BrucIs00,STL,WR,31,15,15,2,2,66,0,0,2,17,8.50,0,119,69,981,14.22,5,132,204.4,166.9,28,19,44
45,Aaron Brooks\BrooAa00,NOR,QB,27,16,16,306,518,3546,24,8,54,175,3.24,2,1,0,0,,0,251,258.3,245.3,28,6,45
46,Curtis Martin\MartCu00,NYJ,RB,30,16,16,0,0,0,0,0,323,1308,4.05,2,53,42,262,6.24,0,169,216.0,188.0,27,18,46
47,Rudi Johnson\JohnRu00,CIN,RB,24,13,5,0,0,0,0,0,215,957,4.45,9,23,21,146,6.95,0,164,191.3,174.8,22,19,47
48,Reggie Wayne\WaynRe00,IND,WR,25,16,16,0,0,0,0,0,0,0,,0,107,68,838,12.32,7,126,196.8,159.8,21,20,48
49,Javon Walker\WalkJa00,GNB,WR,25,16,3,0,0,0,0,0,2,1,0.50,0,74,41,716,17.46,9,126,169.2,145.2,21,21,49
50,Justin McCareins\McCaJu00,TEN,WR,25,16,10,0,0,0,0,0,1,13,13.00,0,82,47,813,17.30,7,125,179.6,152.1,20,22,50
51,Brian Westbrook\WestBr00,PHI,RB,24,15,8,0,0,0,0,0,117,613,5.24,7,48,37,332,8.97,4,161,214.0,188.0,19,20,51
52,Andre Johnson\JohnAn02,HOU,WR,22,16,16,0,0,0,0,0,5,-10,-2.00,0,119,66,976,14.79,4,121,189.6,153.6,16,23,52
53,Eddie Kennison\KennEd00,KAN,WR,30,16,16,0,0,0,0,0,2,9,4.50,0,99,56,853,15.23,5,116,174.7,143.2,12,24,53
54,T.J. Duckett\DuckT.00,ATL,RB,22,16,10,0,1,0,0,0,197,779,3.95,11,13,11,94,8.55,0,153,165.8,155.8,11,21,54
55,Rod Smith\SmitRo01,DEN,WR,33,15,15,1,1,72,0,0,10,98,9.80,0,114,74,845,11.42,3,115,198.2,158.2,11,25,55
56,Koren Robinson\RobiKo00,SEA,WR,23,15,15,0,0,0,0,0,4,15,3.75,0,119,65,896,13.78,4,115,188.6,152.6,11,26,56
57,Boo Williams\WillBo00,NOR,TE,24,16,6,0,0,0,0,0,0,0,,0,62,41,436,10.63,5,74,117.6,94.1,9,4,57
58,Itula Mili\MiliIt00,SEA,TE,30,16,12,0,0,0,0,0,0,0,,0,62,46,492,10.70,4,73,122.2,96.2,8,6,58
59,Alge Crumpler*\CrumAl00,ATL,TE,26,16,16,0,0,0,0,0,0,0,,0,80,44,552,12.55,3,73,119.7,94.2,8,5,59
Rk,,Tm,FantPos,Age,G,GS,Cmp,Att,Yds,TD,Int,Att,Yds,Y/A,TD,Tgt,Rec,Yds,Y/R,TD,FantPt,DKPt,FDPt,VBD,PosRank,OvRank
60,Marc Bulger*\BulgMa00,STL,QB,26,15,15,336,532,3845,22,22,29,75,2.59,4,0,0,0,,0,231,252.3,245.3,8,7,60
61,Eddie George\GeorEd00,TEN,RB,30,16,16,0,0,0,0,0,312,1031,3.30,5,31,22,163,7.41,0,149,176.9,159.4,7,22,61
62,Jeff Garcia\GarcJe00,SFO,QB,33,13,13,225,392,2704,18,13,56,319,5.70,7,1,1,6,6.00,0,231,246.2,235.2,7,8,62
63,Marcus Pollard\PollMa00,IND,TE,31,14,13,0,0,0,0,0,0,0,,0,57,40,541,13.53,3,72,114.6,91.1,7,7,63
64,Randy McMichael\McMiRa01,MIA,TE,24,16,16,0,0,0,0,0,0,0,,0,83,49,598,12.20,2,72,129.8,102.3,7,8,64
65,Terry Glenn\GlenTe00,DAL,WR,29,16,14,0,1,0,0,0,3,55,18.33,0,96,52,754,14.50,5,111,164.9,134.9,6,27,65
66,Jon Kitna\KitnJo00,CIN,QB,31,16,16,324,520,3591,26,15,38,113,2.97,0,0,0,0,,0,229,245.4,234.9,6,9,66
67,Michael Pittman\PittMi00,TAM,RB,28,16,13,0,0,0,0,0,187,751,4.02,0,121,75,597,7.96,2,147,225.8,180.3,5,23,67
68,Plaxico Burress\BurrPl00,PIT,WR,26,16,16,0,0,0,0,0,1,-7,-7.00,0,124,60,860,14.33,4,109,171.8,138.3,5,28,68
69,Freddie Jones\JoneFr00,ARI,TE,29,16,16,0,0,0,0,0,0,0,,0,89,55,517,9.40,3,70,127.7,97.2,5,9,69
70,Johnnie Morton\MortJo00,KAN,WR,32,16,16,0,0,0,0,0,8,94,11.75,0,92,50,740,14.80,4,107,160.4,132.4,3,29,70
71,Brett Favre*\FavrBr00,GNB,QB,34,16,16,308,471,3361,32,21,18,15,0.83,0,0,0,0,,0,226,247.4,241.9,3,10,71
72,Tom Brady\BradTo00,NWE,QB,26,16,16,317,527,3620,23,12,42,63,1.50,1,0,0,0,,0,225,233.6,224.1,2,11,72
73,Jim Kleinsasser\KleiJi00,MIN,TE,26,16,16,0,0,0,0,0,2,15,7.50,0,59,46,401,8.72,4,66,114.6,88.6,1,10,73
74,Jeremy Shockey*\ShocJe00,NYG,TE,23,9,9,0,0,0,0,0,0,0,,0,70,48,535,11.15,2,66,116.0,88.5,1,11,74
75,Tom Lopienski\LopiTo20,IND,,24,4,0,0,0,0,0,0,0,0,,0,,0,0,,0,,,,,11,75
76,Andrew Pinnock\PinnAn00,SDG,,23,16,0,0,0,0,0,0,0,0,,0,0,0,0,,0,,,,,3,76
77,Malaefou MacKenzie\MacKMa20,JAX,,24,1,0,0,0,0,0,0,0,0,,0,0,0,0,,0,,,,,10,77
78,Jimmy Smith\SmitJi00,JAX,WR,34,12,12,0,0,0,0,0,0,0,,0,112,54,805,14.91,4,105,161.0,130.5,,30,78
79,Donovan McNabb*\McNaDo00,PHI,QB,27,16,16,275,478,3216,16,11,71,355,5.00,3,1,1,-7,-7.00,0,223,236.9,225.9,,12,
80,Brad Johnson\JohnBr00,TAM,QB,35,16,16,354,570,3811,26,21,25,33,1.32,0,1,0,-2,,0,220,240.5,234.5,,13,
81,Quincy Carter\CartQu00,DAL,QB,26,16,16,292,505,3302,17,21,68,257,3.78,2,0,0,0,,0,196,217.8,206.8,,14,
82,Jake Delhomme\DelhJa00,CAR,QB,28,16,15,266,449,3219,19,16,42,39,0.93,1,0,0,0,,0,183,194.2,183.7,,15,
83,Tommy Maddox\MaddTo00,PIT,QB,32,16,16,298,519,3414,18,17,13,12,0.92,0,0,0,0,,0,176,193.3,187.8,,16,
84,Jake Plummer\PlumJa00,DEN,QB,29,11,11,189,302,2182,15,7,37,205,5.54,3,0,0,0,,0,172,182.8,174.8,,17,
85,Byron Leftwich\LeftBy00,JAX,QB,23,15,13,239,418,2819,14,16,25,108,4.32,2,0,0,0,,0,160,176.1,164.6,,18,
86,Joey Harrington\HarrJo00,DET,QB,25,16,16,309,554,2880,17,22,30,86,2.87,0,1,1,8,8.00,0,153,175.6,169.1,,19,
87,Kerry Collins\CollKe00,NYG,QB,31,13,13,284,500,3110,13,16,17,49,2.88,0,0,0,0,,0,151,164.3,155.3,,20,
88,Drew Bledsoe\BledDr00,BUF,QB,31,16,16,274,471,2860,11,12,24,29,1.21,2,0,0,0,,0,149,156.8,146.3,,21,
89,Jeff Blake\BlakJe00,ARI,QB,33,13,13,208,367,2247,13,15,30,177,5.90,2,0,0,0,,0,144,160.6,150.6,,22,
Rk,,Tm,FantPos,Age,G,GS,Cmp,Att,Yds,TD,Int,Att,Yds,Y/A,TD,Tgt,Rec,Yds,Y/R,TD,FantPt,DKPt,FDPt,VBD,PosRank,OvRank
90,Anthony Thomas\ThomAn01,CHI,RB,26,13,13,0,0,0,0,0,244,1024,4.20,6,14,9,36,4.00,0,142,153.5,145.5,,24,
91,Patrick Ramsey\RamsPa00,WAS,QB,24,11,11,179,337,2166,14,9,15,62,4.13,1,0,0,0,,0,141,148.8,141.8,,23,
92,Troy Hambrick\HambTr00,DAL,RB,27,16,16,0,0,0,0,0,275,972,3.53,5,24,17,99,5.82,0,137,155.1,141.6,,25,
93,Jerome Bettis\BettJe00,PIT,RB,31,16,10,0,0,0,0,0,246,811,3.30,7,22,13,86,6.62,0,134,147.2,135.2,,26,
94,Chad Pennington\PennCh01,NYJ,QB,27,10,9,189,297,2139,13,12,21,42,2.00,2,0,0,0,,0,132,142.8,135.8,,24,
95,Warrick Dunn\DunnWa00,ATL,RB,28,11,6,0,0,0,0,0,125,672,5.38,3,52,37,336,9.08,2,131,172.8,147.3,,27,
96,Jay Fiedler\FiedJa00,MIA,QB,32,12,11,179,314,2138,11,13,34,88,2.59,3,0,0,0,,0,130,142.8,136.3,,25,
97,Duce Staley\StalDu00,PHI,RB,28,16,4,0,0,0,0,0,96,463,4.82,5,47,36,382,10.61,2,127,167.5,142.5,,28,
98,Correll Buckhalter\BuckCo00,PHI,RB,25,15,5,0,0,0,0,0,126,542,4.30,8,14,10,133,13.30,1,122,136.0,123.5,,30,
99,Garrison Hearst\HearGa00,SFO,RB,32,12,12,0,0,0,0,0,178,768,4.31,3,38,25,211,8.44,1,122,151.9,132.4,,29,
100,David Carr\CarrDa00,HOU,QB,24,12,11,167,295,2013,9,13,27,151,5.59,2,1,0,0,,0,118,134.6,126.6,,26,
101,Charlie Garner\GarnCh00,OAK,RB,31,14,9,0,0,0,0,0,120,553,4.61,3,70,48,386,8.04,1,118,171.4,140.9,,31,
102,Drew Brees\BreeDr00,SDG,QB,24,11,11,205,356,2108,11,15,21,84,4.00,0,1,1,21,21.00,1,117,133.3,127.3,,27,
103,Shawn Bryson\BrysSh00,DET,RB,27,16,13,0,0,0,0,0,158,606,3.84,3,72,54,340,6.30,0,113,171.6,137.6,,32,
104,Richie Anderson\AndeRi00,DAL,RB,32,15,8,0,1,0,0,0,70,306,4.37,1,87,69,493,7.14,4,110,184.4,143.4,,33,
105,Kevin Faulk\FaulKe00,NWE,RB,27,15,8,0,1,0,0,0,178,638,3.58,0,67,48,440,9.17,0,110,159.8,127.8,,34,
106,Kordell Stewart\StewKo00,CHI,QB,31,9,7,126,251,1418,7,12,59,290,4.92,3,0,0,0,,0,110,124.2,114.7,,28,
107,Tyrone Wheatley\WheaTy00,OAK,RB,31,15,5,0,0,0,0,0,159,678,4.26,4,18,12,120,10.00,0,104,120.8,107.8,,35,
108,Doug Flutie\FlutDo00,SDG,QB,41,7,5,91,167,1097,9,4,33,168,5.09,2,0,0,0,,0,103,109.2,99.7,,29,
109,Onterrio Smith\SmitOn00,MIN,RB,23,15,3,0,0,0,0,0,107,579,5.41,5,20,15,129,8.60,0,103,123.3,109.3,,36,
110,Muhsin Muhammad\MuhaMu00,CAR,WR,30,15,15,0,0,0,0,0,2,-2,-1.00,0,100,54,837,15.50,3,102,157.0,125.5,,32,
111,Peerless Price\PricPe00,ATL,WR,27,16,15,0,0,0,0,0,2,3,1.50,0,141,64,838,13.09,3,102,169.1,134.1,,31,
112,Tai Streets\StreTa00,SFO,WR,26,16,16,0,0,0,0,0,0,0,,0,85,47,595,12.66,7,102,151.5,125.0,,33,
113,Marcel Shipp\ShipMa00,ARI,RB,25,16,11,0,0,0,0,0,228,830,3.64,0,37,30,184,6.13,0,101,135.9,113.4,,37,
114,Bobby Engram\EngrBo00,SEA,RB,30,16,7,0,0,0,0,0,0,0,,0,75,52,637,12.25,6,100,158.2,126.7,,38,
115,Rod Gardner\GardRo00,WAS,WR,26,16,16,2,3,46,2,0,0,0,,0,115,59,600,10.17,5,100,161.3,128.3,,34,
116,Deion Branch\BranDe00,NWE,WR,24,15,12,0,0,0,0,0,1,11,11.00,0,104,57,803,14.09,3,99,159.4,127.9,,35,
117,Ike Hilliard\HillIk00,NYG,WR,27,13,12,0,0,0,0,0,2,19,9.50,0,102,60,608,10.13,6,99,160.7,126.7,,37,
118,Thomas Jones\JoneTh00,TAM,RB,25,16,3,0,0,0,0,0,137,627,4.58,3,31,24,180,7.50,0,99,126.7,106.7,,39,
119,Jerry Rice\RiceJe00,OAK,WR,41,16,15,0,1,0,0,0,0,0,,0,124,63,869,13.79,2,99,163.9,128.4,,36,
Rk,,Tm,FantPos,Age,G,GS,Cmp,Att,Yds,TD,Int,Att,Yds,Y/A,TD,Tgt,Rec,Yds,Y/R,TD,FantPt,DKPt,FDPt,VBD,PosRank,OvRank
120,Bobby Shaw\ShawBo00,BUF,WR,28,16,7,0,0,0,0,0,0,0,,0,86,56,732,13.07,4,97,155.7,124.2,,38,
121,Marty Booker\BookMa00,CHI,WR,27,13,13,0,0,0,0,0,3,-7,-2.33,0,105,52,715,13.75,4,95,149.3,119.8,,39,
122,Dennis Northcutt\NortDe00,CLE,WR,26,15,6,0,1,0,0,0,12,83,6.92,0,93,62,729,11.76,2,93,157.2,122.2,,40,
123,Antowain Smith\SmitAn00,NWE,RB,31,13,6,0,0,0,0,0,182,642,3.53,3,16,14,92,6.57,0,91,107.9,97.4,,40,
124,Andre' Davis\DaviAn01,CLE,WR,24,16,8,0,0,0,0,0,5,28,5.60,0,55,40,576,14.40,5,90,132.4,108.4,,41,
125,Kelly Holcomb\HolcKe00,CLE,QB,30,10,8,193,302,1797,10,12,8,7,0.88,0,0,0,0,,0,89,101.1,95.6,,30,
126,Travis Taylor\TaylTr01,BAL,WR,24,16,16,0,0,0,0,0,11,62,5.64,0,90,39,632,16.21,3,87,129.4,106.9,,42,
127,Amos Zereoue\ZereAm00,PIT,RB,27,16,6,0,0,0,0,0,132,433,3.28,2,52,40,310,7.75,0,86,132.3,106.3,,41,
128,David Givens\GiveDa00,NWE,WR,23,13,5,0,1,0,0,1,0,0,,0,54,34,510,15.00,6,85,123.0,103.0,,43,
129,Eric Moulds\MoulEr00,BUF,WR,30,13,13,0,0,0,0,0,0,0,,0,121,64,780,12.19,1,84,151.0,116.0,,44,
130,Kelly Campbell\CampKe00,MIN,WR,23,15,6,0,0,0,0,0,10,71,7.10,0,46,25,522,20.88,4,83,110.3,93.8,,45,
131,Rock Cartwright\CartRo01,WAS,RB,24,15,3,0,0,0,0,0,107,411,3.84,4,28,18,176,9.78,0,83,105.7,89.7,,42,
132,Doug Johnson\JohnDo00,ATL,QB,26,10,8,136,243,1655,8,12,14,21,1.50,1,0,0,0,,0,82,95.8,91.3,,31,
133,Jerome Pathon\PathJe00,NOR,WR,28,16,12,0,0,0,0,0,0,0,,0,80,44,578,13.14,4,82,128.3,102.8,,46,
134,Joey Galloway\GallJo00,DAL,WR,32,15,13,0,0,0,0,0,4,22,5.50,0,83,34,672,19.76,2,81,117.9,97.4,,48,
135,Kevin Johnson\JohnKe01,2TM,WR,27,15,9,0,1,0,0,0,0,0,,0,95,58,634,10.93,3,81,142.4,110.4,,47,
136,Marcus Robinson\RobiMa00,BAL,WR,28,15,5,0,0,0,0,0,0,0,,0,62,31,451,14.55,6,81,115.1,96.6,,49,
137,Vinny Testaverde\TestVi00,NYJ,QB,40,7,7,123,198,1385,7,2,6,17,2.83,0,0,0,0,,0,81,85.6,82.1,,32,
138,Trung Canidate\CaniTr00,WAS,RB,26,11,10,0,0,0,0,0,142,600,4.23,1,15,10,71,7.10,1,79,91.6,83.1,,43,
139,Donald Driver\DrivDo00,GNB,WR,28,15,15,0,0,0,0,0,5,51,10.20,0,86,52,621,11.94,2,79,134.2,105.2,,50,
140,Ashley Lelie\LeliAs00,DEN,WR,23,16,10,0,0,0,0,0,8,43,5.38,0,81,37,628,16.97,2,79,119.1,97.6,,51,
141,Tim Couch\CoucTi00,CLE,QB,26,10,8,120,203,1319,7,6,11,39,3.55,1,1,1,-3,-3.00,0,78,85.4,78.9,,33,
142,Keyshawn Johnson\JohnKe00,TAM,WR,31,10,10,0,0,0,0,0,0,0,,0,74,45,600,13.33,3,78,126.0,100.5,,52,
143,Dez White\WhitDe00,CHI,WR,24,15,11,0,0,0,0,0,2,13,6.50,0,107,49,583,11.90,3,78,129.6,102.1,,53,
144,Az-Zahir Hakim\HakiAz00,DET,WR,26,14,12,1,1,21,0,0,3,51,17.00,0,108,49,449,9.16,4,77,127.8,99.3,,54,
145,Curtis Conway\ConwCu00,NYJ,WR,32,16,15,0,0,0,0,0,0,0,,0,102,46,640,13.91,2,76,125.0,99.0,,56,
146,DeShaun Foster\FostDe00,CAR,RB,23,14,2,0,0,0,0,0,113,429,3.80,0,35,26,207,7.96,2,76,106.1,85.6,,44,
147,Darnerien McCants\McCaDa00,WAS,WR,25,15,1,0,0,0,0,0,0,0,,0,55,27,360,13.33,6,76,106.0,89.5,,55,
148,Drew Bennett\BennDr00,TEN,WR,25,12,8,1,1,14,0,0,0,0,,0,54,32,504,15.75,4,75,110.0,91.0,,58,
149,Kyle Boller\BollKy00,BAL,QB,22,11,9,116,224,1260,7,9,30,62,2.07,0,1,0,0,,0,75,82.1,74.6,,35,
Rk,,Tm,FantPos,Age,G,GS,Cmp,Att,Yds,TD,Int,Att,Yds,Y/A,TD,Tgt,Rec,Yds,Y/R,TD,FantPt,DKPt,FDPt,VBD,PosRank,OvRank
150,Robert Ferguson\FergRo00,GNB,WR,24,15,12,0,0,0,0,0,1,-8,-8.00,0,60,38,520,13.68,4,75,116.2,94.2,,57,
151,Josh Reed\ReedJo01,BUF,WR,23,16,16,0,0,0,0,0,3,38,12.67,0,104,58,588,10.14,2,75,135.1,102.6,,59,
152,Anthony Wright\WrigAn00,BAL,QB,27,7,7,94,178,1199,9,8,28,73,2.61,0,0,0,0,,0,75,81.8,74.3,,34,
153,Troy Brown\BrowTr00,NWE,WR,32,12,10,0,0,0,0,0,6,27,4.50,0,60,40,472,11.80,4,74,115.9,91.9,,60,
154,Corey Dillon\DillCo00,CIN,RB,29,13,11,0,0,0,0,0,138,541,3.92,2,18,11,71,6.45,0,73,87.2,78.7,,45,
155,Josh McCown\McCoJo01,ARI,QB,24,8,3,95,166,1018,5,6,28,158,5.64,1,0,0,0,,0,71,77.5,66.5,,36,
156,Corey Bradford\BradCo00,HOU,WR,28,16,6,0,0,0,0,0,0,0,,0,62,24,460,19.17,4,70,97.0,82.0,,61,
157,Dane Looker\LookDa00,STL,WR,27,16,2,1,1,11,0,0,0,0,,0,75,47,495,10.53,3,70,117.4,90.4,,62,
158,Tim Brown\BrowTi00,OAK,WR,37,16,15,0,0,0,0,0,0,0,,0,94,52,567,10.90,2,69,123.7,94.7,,64,
159,Rich Gannon\GannRi00,OAK,QB,38,7,7,125,225,1274,6,4,6,18,3.00,0,0,0,0,,0,69,74.8,70.8,,37,
160,Quincy Morgan\MorgQu00,CLE,WR,26,16,15,0,0,0,0,0,3,-4,-1.33,0,79,38,516,13.58,3,69,110.2,88.2,,63,
161,Jamel White\WhitJa00,CLE,RB,26,16,3,0,0,0,0,0,70,266,3.80,1,69,46,303,6.59,1,69,120.4,90.9,,46,
162,James Jackson\JackJa00,CLE,RB,27,12,6,0,0,0,0,0,102,382,3.75,3,18,14,114,8.14,0,68,86.1,71.6,,47,
163,Todd Pinkston\PinkTo00,PHI,WR,26,16,15,0,0,0,0,0,1,-11,-11.00,0,86,36,575,15.97,2,68,106.9,85.4,,65,
164,Antonio Bryant\BryaAn00,DAL,WR,22,16,5,0,0,0,0,0,2,0,0.00,0,83,39,550,14.10,2,67,109.0,86.5,,67,
165,William Green\GreeWi01,CLE,RB,24,7,7,0,0,0,0,0,142,559,3.94,1,14,10,50,5.00,0,67,77.4,66.9,,48,
166,Rick Mirer\MireRi00,OAK,QB,33,9,8,116,221,1267,3,5,20,83,4.15,1,0,0,0,,0,67,73.0,68.0,,38,
167,Freddie Mitchell\MitcFr00,PHI,WR,25,16,6,1,1,25,1,0,0,0,,0,59,35,498,14.23,2,67,104.8,84.3,,68,
168,Donte' Stallworth\StalDo00,NOR,WR,23,11,3,0,0,0,0,0,1,3,3.00,0,55,25,485,19.40,3,67,93.3,76.3,,69,
169,James Thrash\ThraJa00,PHI,WR,28,16,16,0,0,0,0,0,5,52,10.40,0,92,49,558,11.39,1,67,119.0,91.5,,66,
170,Troy Edwards\EdwaTr00,JAX,WR,26,13,11,0,0,0,0,0,3,-9,-3.00,0,62,35,487,13.91,3,66,103.8,83.3,,70,
171,Daniel Graham\GrahDa00,NWE,TE,25,14,9,0,0,0,0,0,0,0,,0,63,38,409,10.76,4,65,105.9,83.9,,12,
172,Michael Vick\VickMi00,ATL,QB,23,5,4,50,100,585,4,3,40,255,6.38,1,0,0,0,,0,65,71.9,63.9,,39,
173,Michael Bennett\BennMi00,MIN,RB,25,8,7,0,0,0,0,0,90,447,4.97,1,14,12,132,11.00,0,64,80.9,67.9,,49,
174,Troy Walters\WaltTr00,IND,WR,27,15,4,0,0,0,0,0,1,6,6.00,0,52,36,456,12.67,3,64,103.2,82.2,,71,
175,Ricky Proehl\ProeRi00,CAR,WR,35,16,2,0,0,0,0,0,0,0,,0,52,27,389,14.41,4,63,92.9,76.4,,72,
176,Anthony Becht\BechAn00,NYJ,TE,26,16,16,0,0,0,0,0,0,0,,0,58,40,356,8.90,4,62,104.1,80.6,,13,
177,Zack Crockett\CrocZa00,OAK,RB,31,16,7,0,0,0,0,0,48,145,3.02,7,12,7,53,7.57,0,62,71.3,64.3,,50,
178,Mike Anderson\AndeMi00,DEN,RB,30,12,5,0,0,0,0,0,70,257,3.67,3,15,12,53,4.42,2,61,75.0,65.0,,51,
179,Arlen Harris\HarrAr00,STL,RB,23,16,2,0,0,0,0,0,85,255,3.00,4,19,15,102,6.80,0,60,79.2,64.2,,52,
Rk,,Tm,FantPos,Age,G,GS,Cmp,Att,Yds,TD,Int,Att,Yds,Y/A,TD,Tgt,Rec,Yds,Y/R,TD,FantPt,DKPt,FDPt,VBD,PosRank,OvRank
180,Tony Fisher\FishTo00,GNB,RB,24,15,0,0,0,0,0,0,40,200,5.00,1,25,21,206,9.81,2,59,85.6,69.1,,53,
181,Nate Burleson\BurlNa00,MIN,WR,22,16,9,0,0,0,0,0,0,0,,0,57,29,455,15.69,2,58,89.0,71.0,,73,
182,Najeh Davenport\DaveNa00,GNB,RB,24,15,0,0,0,0,0,0,77,420,5.45,2,10,6,38,6.33,0,58,64.8,56.8,,54,
183,Tim Rattay\RattTi00,SFO,QB,26,11,3,73,118,856,7,2,8,0,0.00,0,0,0,0,,0,58,63.2,60.2,,40,
184,Olandis Gary\GaryOl00,DET,RB,28,13,1,0,0,0,0,0,113,384,3.40,2,22,13,69,5.31,0,57,72.8,62.8,,55,
185,Charles Lee\LeexCh00,TAM,WR,26,8,5,0,0,0,0,0,2,14,7.00,0,46,33,432,13.09,2,57,92.6,73.1,,74,
186,Tyrone Calico\CaliTy00,TEN,WR,23,14,2,0,0,0,0,0,1,5,5.00,0,43,18,297,16.50,4,56,77.2,65.2,,75,
187,Dante Hall*+\HallDa00,KAN,WR,25,16,2,0,0,0,0,0,16,73,4.56,0,60,40,423,10.58,1,56,121.1,96.6,,76,
188,Erron Kinney\KinnEr00,TEN,TE,26,16,16,0,0,0,0,0,0,0,,0,58,41,381,9.29,3,56,105.6,81.6,,14,
189,Desmond Clark\ClarDe00,CHI,TE,26,15,15,0,0,0,0,0,0,0,,0,71,44,433,9.84,2,55,101.3,75.3,,16,
190,Mikhael Ricks\RickMi00,DET,TE,29,16,6,0,0,0,0,0,0,0,,0,61,37,434,11.73,2,55,95.4,73.9,,15,
191,Ladell Betts\BettLa00,WAS,RB,24,9,1,0,0,0,0,0,77,255,3.31,2,23,15,167,11.13,0,54,75.2,61.7,,56,
192,Jabar Gaffney\GaffJa00,HOU,WR,23,16,11,0,1,0,0,0,1,13,13.00,0,57,34,402,11.82,2,54,90.5,70.5,,79,
193,James McKnight\McKnJa00,MIA,WR,31,15,1,0,0,0,0,0,2,75,37.50,1,43,23,285,12.39,2,54,79.5,64.5,,78,
194,Billy Miller\MillBi00,HOU,TE,26,16,6,0,0,0,0,0,0,0,,0,65,40,355,8.88,3,54,96.5,73.5,,17,
195,Kelley Washington\WashKe00,CIN,WR,24,16,3,0,0,0,0,0,1,5,5.00,0,47,22,299,13.59,4,54,79.4,65.4,,77,
196,Gus Frerotte\FrerGu00,MIN,QB,32,16,2,38,65,690,7,2,12,-2,-0.17,0,0,0,0,,0,53,57.4,53.4,,41,
197,LaMont Jordan\JordLa00,NYJ,RB,25,16,0,0,0,0,0,0,46,190,4.13,4,13,11,101,9.18,0,53,70.1,58.6,,57,
198,Stacey Mack\MackSt00,HOU,RB,28,8,5,0,1,0,0,1,93,253,2.72,4,12,9,55,6.11,0,53,64.8,56.3,,59,
199,Chester Taylor\TaylCh01,BAL,RB,24,16,1,0,0,0,0,0,63,276,4.38,2,27,20,132,6.60,0,53,77.3,59.8,,58,
200,Bubba Franks*\FranBu00,GNB,TE,25,16,15,0,0,0,0,0,0,0,,0,44,30,241,8.03,4,52,85.1,67.1,,18,
201,Bill Schroeder\SchrBi00,DET,WR,32,16,13,0,1,0,0,0,0,0,,0,80,36,397,11.03,2,52,90.7,69.7,,80,
202,Antonio Gates\GateAn00,SDG,TE,23,15,11,0,0,0,0,0,0,0,,0,42,24,389,16.21,2,51,77.4,61.9,,19,
203,Tim Hasselbeck\HassTi00,WAS,QB,25,7,5,95,177,1012,5,7,15,41,2.73,0,1,0,0,,0,51,59.1,54.6,,42,
204,LaBrandon Toefield\ToefLa00,JAX,RB,23,16,0,1,2,32,0,0,53,212,4.00,2,16,14,105,7.50,1,51,71.0,58.0,,60,
205,Cedrick Wilson\WilsCe00,SFO,WR,25,16,4,1,1,6,0,0,1,-4,-4.00,0,63,35,396,11.31,2,51,94.9,73.9,,81,
206,Aveion Cason\CasoAv00,DAL,RB,24,10,0,1,1,37,0,0,40,220,5.50,2,20,17,142,8.35,0,50,71.7,56.2,,62,
207,Bryant Johnson\JohnBr02,ARI,WR,22,15,8,0,0,0,0,0,0,0,,0,77,35,438,12.51,1,50,87.3,66.3,,83,
208,Antwaan Randle El\RandAn00,PIT,WR,24,16,1,3,4,6,0,0,15,75,5.00,0,56,37,364,9.84,1,50,99.6,75.6,,82,
209,Jerald Sowell\SoweJe00,NYJ,RB,29,16,16,0,0,0,0,0,1,2,2.00,0,60,47,436,9.28,1,50,99.8,73.3,,61,
Rk,,Tm,FantPos,Age,G,GS,Cmp,Att,Yds,TD,Int,Att,Yds,Y/A,TD,Tgt,Rec,Yds,Y/R,TD,FantPt,DKPt,FDPt,VBD,PosRank,OvRank
210,Jed Weaver\WeavJe00,SFO,TE,27,16,15,0,0,0,0,0,0,0,,0,53,35,437,12.49,1,50,87.2,66.2,,20,
211,Brian Finneran\FinnBr00,ATL,WR,27,12,10,0,0,0,0,0,0,0,,0,54,26,368,14.15,2,49,77.8,61.8,,85,
212,Ricky Williams\WillRi01,IND,WR,25,13,4,0,0,0,0,0,48,155,3.23,2,29,22,157,7.14,1,49,76.2,58.2,,84,
213,Emmitt Smith\SmitEm00,ARI,RB,34,10,5,0,0,0,0,0,90,256,2.84,2,19,14,107,7.64,0,48,67.3,53.3,,63,
214,Scotty Anderson\AndeSc00,DET,WR,24,9,0,0,0,0,0,0,0,0,,0,31,17,325,19.12,2,47,66.5,55.0,,86,
215,Derrick Blaylock\BlayDe00,KAN,RB,24,16,0,0,0,0,0,0,22,112,5.09,2,22,15,181,12.07,1,47,67.8,53.8,,64,
216,Justin Gage\GageJu00,CHI,WR,22,10,3,0,0,0,0,0,0,0,,0,35,17,338,19.88,2,46,65.3,53.3,,87,
217,Robert Holcombe\HolcRo00,TEN,RB,28,15,0,0,0,0,0,0,63,201,3.19,1,25,19,121,6.37,1,46,70.2,53.7,,66,
218,Chad Morton\MortCh00,WAS,RB,26,15,2,0,0,0,0,0,48,216,4.50,0,26,15,187,12.47,1,46,72.8,58.8,,65,
219,Eric Parker\ParkEr00,SDG,RB,24,8,4,0,0,0,0,0,3,21,7.00,0,31,18,244,13.56,3,45,65.0,52.5,,68,
220,Matt Schobel\SchoMa00,CIN,TE,25,15,1,0,0,0,0,0,0,0,,0,30,24,332,13.83,2,45,71.2,55.2,,21,
221,Mack Strong\StroMa00,SEA,RB,32,16,9,0,0,0,0,0,37,174,4.70,1,33,29,216,7.45,0,45,79.5,58.5,,67,
222,Tony Banks\BankTo00,HOU,QB,30,7,3,61,102,693,5,3,6,27,4.50,0,0,0,0,,0,44,49.9,46.4,,43,
223,Chris Chandler\ChanCh00,CHI,QB,38,8,6,107,192,1050,3,7,14,35,2.50,0,0,0,0,,0,44,51.5,46.5,,44,
224,Charles Rogers\RogeCh01,DET,WR,22,5,5,0,0,0,0,0,2,17,8.50,0,52,22,243,11.05,3,44,69.0,55.0,,88,
225,Mike Cloud\ClouMi00,NWE,RB,28,5,1,0,0,0,0,0,27,118,4.37,5,2,1,8,8.00,0,43,46.6,43.1,,69,
226,Jerry Porter\PortJe00,OAK,WR,25,10,1,0,0,0,0,0,1,10,10.00,0,57,28,361,12.89,1,43,73.6,56.1,,89,
227,David Terrell\TerrDa00,CHI,WR,24,16,7,0,0,0,0,0,1,4,4.00,0,84,43,361,8.40,1,43,88.0,63.0,,90,
228,Lamar Gordon\GordLa00,STL,RB,23,10,4,0,0,0,0,0,71,298,4.20,1,13,8,59,7.38,0,42,52.2,44.7,,70,
229,Brian Griese\GrieBr00,MIA,QB,28,5,5,74,130,813,5,6,5,15,3.00,0,0,0,0,,0,42,49.0,44.0,,46,
230,Dorsey Levens\LeveDo00,NYG,RB,33,11,0,0,0,0,0,0,68,197,2.90,3,7,5,39,7.80,0,42,49.6,44.1,,71,
231,Billy Volek\VoleBi00,TEN,QB,27,7,1,44,69,545,4,1,11,4,0.36,1,0,0,0,,0,42,45.7,42.2,,45,
232,Brandon Bennett\BennBr00,CIN,RB,30,16,0,0,0,0,0,0,56,173,3.09,0,32,25,176,7.04,1,41,70.9,51.4,,72,
233,Ernie Conwell\ConwEr00,NOR,TE,31,10,10,0,0,0,0,0,0,0,,0,44,26,290,11.15,2,41,69.5,53.0,,22,
234,Christian Fauria\FaurCh00,NWE,TE,32,16,12,0,0,0,0,0,0,0,,0,45,28,285,10.18,2,41,71.5,54.5,,23,
235,Justin Griffith\GrifJu00,ATL,WR,23,16,11,0,0,0,0,0,38,168,4.42,0,34,21,122,5.81,2,41,68.0,51.5,,91,
236,Quentin Griffin\GrifQu00,DEN,RB,22,10,1,0,0,0,0,0,94,345,3.67,0,11,8,61,7.63,0,41,50.1,41.6,,74,
237,Lee Suggs\SuggLe00,CLE,RB,23,7,0,0,0,0,0,0,56,289,5.16,2,4,2,0,0.00,0,41,44.9,39.9,,73,
238,Jason Witten\WittJa00,DAL,WR,21,15,7,0,0,0,0,0,0,0,,0,54,35,347,9.91,1,41,78.7,58.2,,92,
239,Mark Campbell\CampMa00,BUF,TE,28,16,11,0,0,0,0,0,0,0,,0,50,34,339,9.97,1,40,76.9,56.9,,25,
Rk,,Tm,FantPos,Age,G,GS,Cmp,Att,Yds,TD,Int,Att,Yds,Y/A,TD,Tgt,Rec,Yds,Y/R,TD,FantPt,DKPt,FDPt,VBD,PosRank,OvRank
240,Dallas Clark\ClarDa00,IND,TE,24,10,10,0,0,0,0,0,0,0,,0,42,29,340,11.72,1,40,72.0,54.5,,24,
241,Kassim Osgood\OsgoKa00,SDG,WR,23,16,2,0,0,0,0,0,0,0,,0,33,13,278,21.38,2,40,55.8,46.3,,93,
242,William Henderson\HendWi00,GNB,RB,32,16,12,0,0,0,0,0,0,0,,0,34,24,214,8.92,3,39,66.4,51.4,,75,
243,Brandon Stokley\StokBr00,IND,WR,27,6,3,0,0,0,0,0,0,0,,0,32,22,211,9.59,3,39,64.1,50.1,,94,
244,Cory Schlesinger\SchlCo00,DET,RB,31,16,10,0,0,0,0,0,9,16,1.78,0,49,34,247,7.26,2,38,75.3,55.3,,76,
245,L.J. Smith\SmitL.00,PHI,TE,23,15,5,0,0,0,0,0,0,0,,0,46,27,321,11.89,1,38,67.6,50.6,,26,
246,Brandon Manumaleuna\ManuBr00,STL,RB,23,16,15,0,0,0,0,0,4,15,3.75,0,45,29,238,8.21,2,37,69.3,51.8,,77,
247,Derrius Thompson\ThomDe00,MIA,WR,26,16,12,0,0,0,0,0,0,0,,0,59,26,359,13.81,0,36,64.9,48.9,,95,
248,Mark Brunell\BrunMa00,JAX,QB,33,3,3,54,82,484,2,0,8,19,2.38,1,0,0,0,,0,35,37.8,34.3,,47,
249,Wayne Chrebet\ChreWa00,NYJ,WR,30,7,5,0,0,0,0,0,0,0,,0,44,27,289,10.70,1,35,64.9,48.4,,97,
250,Brock Forsey\ForsBr00,CHI,RB,23,9,2,0,0,0,0,0,50,191,3.82,2,5,3,37,12.33,0,35,40.8,36.3,,78,
251,Chad Lewis\LewiCh00,PHI,TE,32,16,14,0,0,0,0,0,0,0,,0,40,23,293,12.74,1,35,61.3,46.8,,27,
252,Brandon Lloyd\LloyBr00,SFO,WR,22,16,1,0,0,0,0,0,0,0,,0,30,14,212,15.14,2,35,52.2,42.2,,96,
253,Kyle Brady\BradKy00,JAX,TE,31,16,15,0,0,0,0,0,0,0,,0,46,29,281,9.69,1,34,64.6,45.6,,28,
254,Terry Jones\JoneTe00,BAL,TE,24,16,13,0,0,0,0,0,0,0,,0,25,19,159,8.37,3,34,55.9,43.4,,29,
255,Bryan Gilmore\GilmBr00,ARI,WR,25,14,10,0,0,0,0,0,1,0,0.00,0,45,17,208,12.24,2,33,52.8,41.3,,98,
256,Maurice Morris\MorrMa00,SEA,RB,24,16,1,0,0,0,0,0,38,239,6.29,0,6,4,32,8.00,1,33,39.1,33.1,,79,
257,Matthew Hatchette\HatcMa00,JAX,WR,29,6,4,0,0,0,0,0,0,0,,0,28,15,203,13.53,2,32,50.3,39.8,,99,
258,Bethel Johnson\JohnBe00,NWE,WR,24,15,5,0,0,0,0,0,1,-12,-12.00,0,34,16,209,13.06,2,32,56.7,45.7,,100,
259,Tim Carter\CartTi00,NYG,WR,24,12,2,0,0,0,0,0,0,0,,0,52,26,309,11.88,0,31,59.9,43.9,,101,
260,Doug Jolley\JollDo00,OAK,TE,24,15,9,0,0,0,0,0,0,0,,0,54,31,250,8.06,1,31,65.0,46.5,,30,
261,Ken Dilger\DilgKe00,TAM,TE,32,15,15,0,0,0,0,0,0,0,,0,41,22,244,11.09,1,30,54.9,40.4,,31,
262,Chris Doering\DoerCh00,PIT,WR,30,16,0,0,0,0,0,0,0,0,,0,30,18,240,13.33,1,30,51.0,39.0,,102,
263,Marc Edwards\EdwaMa00,JAX,RB,29,16,16,0,0,0,0,0,7,13,1.86,1,43,31,226,7.29,0,30,63.9,45.4,,80,
264,Stanley Pritchett\PritSt00,CHI,RB,30,16,11,0,0,0,0,0,21,93,4.43,2,27,18,83,4.61,0,30,47.6,38.6,,81,
265,Michael Lewis\LewiMi00,NOR,WR,32,13,1,0,0,0,0,0,1,2,2.00,0,25,12,226,18.83,1,29,42.8,32.8,,103,
266,Frank Wycheck\WychFr00,TEN,TE,32,10,6,0,0,0,0,0,0,0,,0,29,17,165,9.71,2,29,48.5,37.0,,32,
267,Mike Alstott\AlstMi00,TAM,RB,30,4,3,0,0,0,0,0,27,77,2.85,2,12,10,83,8.30,0,28,38.0,33.0,,83,
268,Chris Brown\BrowCh03,TEN,RB,22,11,0,0,0,0,0,0,56,221,3.95,0,9,8,61,7.63,0,28,38.7,31.2,,82,
269,Tim Dwight\DwigTi00,SDG,WR,28,9,3,0,0,0,0,0,9,88,9.78,0,31,14,193,13.79,0,28,44.6,34.1,,104,
Rk,,Tm,FantPos,Age,G,GS,Cmp,Att,Yds,TD,Int,Att,Yds,Y/A,TD,Tgt,Rec,Yds,Y/R,TD,FantPt,DKPt,FDPt,VBD,PosRank,OvRank
270,Casey Fitzsimmons\FitzCa00,DET,TE,23,16,11,0,0,0,0,0,0,0,,0,40,23,160,6.96,2,28,54.0,39.5,,34,
271,Jesse Palmer\PalmJe00,NYG,QB,25,6,3,60,116,532,3,4,4,23,5.75,0,0,0,0,,0,28,33.6,29.6,,48,
272,Dominic Rhodes\RhodDo00,IND,RB,24,11,0,0,0,0,0,0,37,157,4.24,0,7,6,62,10.33,1,28,36.9,30.9,,84,
273,Wesley Walls\WallWe00,GNB,TE,37,14,1,0,0,0,0,0,0,0,,0,33,20,222,11.10,1,28,51.2,38.2,,33,
274,Fred Beasley*\BeasFr00,SFO,RB,29,16,11,0,0,0,0,0,17,24,1.41,0,28,19,184,9.68,1,27,48.8,36.3,,85,
275,Travis Minor\MinoTr00,MIA,RB,24,16,0,0,0,0,0,0,41,193,4.71,1,5,4,13,3.25,0,27,33.6,28.6,,87,
276,Jon Ritchie\RitcJo00,PHI,RB,29,16,7,0,0,0,0,0,1,1,1.00,0,26,17,86,5.06,3,27,43.7,35.2,,86,
277,George Wrighster\WrigGe00,JAX,TE,22,15,1,0,0,0,0,0,0,0,,0,20,13,150,11.54,2,27,43.0,33.5,,35,
278,Dan Campbell\CampDa00,DAL,TE,27,16,16,0,0,0,0,0,0,0,,0,30,20,195,9.75,1,26,48.5,35.5,,36,
279,Larry Centers\CentLa00,NWE,RB,35,9,3,0,0,0,0,0,21,82,3.90,0,34,19,106,5.58,1,25,46.8,34.3,,88,
280,Jeremi Johnson\JohnJe00,CIN,RB,23,16,13,0,0,0,0,0,15,41,2.73,1,20,15,82,5.47,1,24,39.3,31.8,,89,
281,Joe Jurevicius\JureJo00,TAM,WR,29,5,2,0,0,0,0,0,0,0,,0,24,12,118,9.83,2,24,38.8,29.8,,105,
282,Nate Poole\PoolNa01,ARI,WR,26,15,1,0,0,0,0,0,0,0,,0,19,13,177,13.62,1,24,39.7,30.2,,106,
283,Nick Goings\GoinNi00,CAR,RB,25,15,0,0,0,0,0,0,10,69,6.90,0,14,12,97,8.08,1,23,34.6,28.6,,92,
284,Rex Grossman\GrosRe00,CHI,QB,23,3,3,38,72,437,2,1,3,-1,-0.33,0,0,0,0,,0,23,25.9,21.4,,49,
285,Patrick Johnson\JohnPa00,WAS,WR,27,16,2,0,0,0,0,0,0,0,,0,28,15,170,11.33,1,23,40.0,28.5,,107,
286,Sammy Morris\MorrSa00,BUF,RB,26,9,0,0,0,0,0,0,19,70,3.68,1,17,14,100,7.14,0,23,40.0,30.0,,91,
287,Aaron Stecker\StecAa00,TAM,RB,28,16,1,0,0,0,0,0,37,125,3.38,0,12,9,48,5.33,1,23,34.8,26.8,,90,
288,Reuben Droughns\DrouRe00,DEN,RB,25,15,4,0,0,0,0,0,6,14,2.33,0,12,9,87,9.67,2,22,31.1,26.6,,93,
289,Jason Dunn\DunnJa00,KAN,TE,30,16,4,0,0,0,0,0,0,0,,0,8,5,35,7.00,3,22,26.5,24.0,,37,
290,Jimmy Farris\FarrJi00,ATL,WR,25,16,0,0,0,0,0,0,0,0,,0,15,6,100,16.67,2,22,31.0,25.0,,108,
291,D'Wayne Bates\BateDW00,MIN,WR,28,10,8,0,0,0,0,0,0,0,,0,29,15,151,10.07,1,21,39.1,28.6,,109,
292,Justin Fargas\FargJu00,OAK,RB,23,10,1,0,0,0,0,0,40,203,5.08,0,3,2,2,1.00,0,21,25.0,20.5,,95,
293,Chris Fuamatu-Ma'afala\FuamCh00,JAX,RB,26,13,0,0,0,0,0,0,35,144,4.11,1,2,1,2,2.00,0,21,24.6,21.1,,94,
294,Tony Stewart\StewTo00,CIN,TE,24,16,7,0,0,0,0,0,0,0,,0,33,21,212,10.10,0,21,45.2,31.7,,38,
295,Dan Kreider\KreiDa00,PIT,RB,26,16,12,0,0,0,0,0,7,29,4.14,1,24,9,107,11.89,0,20,31.6,24.1,,98,
296,Kris Mangum\MangKr00,CAR,TE,30,16,11,0,0,0,0,0,0,0,,0,29,17,199,11.71,0,20,39.9,28.4,,40,
297,David Martin\MartDa00,GNB,RB,24,16,3,0,0,0,0,0,0,0,,0,17,13,79,6.08,2,20,32.9,26.4,,96,
298,Ed McCaffrey\McCaEd00,DEN,WR,35,12,7,0,0,0,0,0,0,0,,0,34,19,195,10.26,0,20,41.5,29.0,,112,
299,Dave Moore\MoorDa00,BUF,TE,34,15,6,0,0,0,0,0,0,0,,0,18,7,82,11.71,2,20,26.7,22.7,,39,
Rk,,Tm,FantPos,Age,G,GS,Cmp,Att,Yds,TD,Int,Att,Yds,Y/A,TD,Tgt,Rec,Yds,Y/R,TD,FantPt,DKPt,FDPt,VBD,PosRank,OvRank
300,James Mungro\MungJa00,IND,RB,25,7,0,0,0,0,0,0,24,60,2.50,2,5,1,-4,-4.00,0,20,20.6,20.1,,99,
301,Jay Riemersma\RiemJa00,PIT,RB,30,11,7,0,0,0,0,0,0,0,,0,23,10,138,13.80,1,20,32.8,24.8,,97,
302,David Tyree\TyreDa00,NYG,WR,23,16,3,0,0,0,0,0,1,-9,-9.00,0,31,16,211,13.19,0,20,39.2,28.2,,111,
303,Alvis Whitted\WhitAl00,OAK,WR,29,16,2,0,0,0,0,0,6,37,6.17,0,24,7,106,15.14,1,20,30.3,23.8,,110,
304,Mike Furrey\FurrMi00,STL,WR,26,13,0,0,0,0,0,0,3,5,1.67,0,33,20,189,9.45,0,19,40.9,26.4,,113,
305,Teyo Johnson\JohnTe00,OAK,TE,22,16,5,0,0,0,0,0,0,0,,0,12,14,128,9.14,1,19,35.8,25.8,,42,
306,Justin Peelle\PeelJu00,SDG,TE,24,15,9,0,0,0,0,0,0,0,,0,25,16,133,8.31,1,19,38.3,27.3,,41,
307,Todd Yoder\YodeTo00,TAM,TE,25,16,1,0,0,0,0,0,0,0,,0,11,7,68,9.71,2,19,25.8,22.3,,43,
308,Joe Burns\BurnJo00,BUF,RB,24,16,1,0,0,0,0,0,39,113,2.90,0,9,7,62,8.86,0,18,27.0,20.0,,104,
309,Jameel Cook\CookJa00,TAM,RB,24,14,8,0,0,0,0,0,1,-1,-1.00,0,30,20,120,6.00,1,18,40.9,27.9,,102,
310,Keith Heinrich\HeinKe00,CLE,RB,24,7,3,0,0,0,0,0,0,0,,0,9,8,64,8.00,2,18,26.4,22.4,,101,
311,James Hodgins\HodgJa00,ARI,RB,26,16,8,0,0,0,0,0,2,6,3.00,0,19,14,58,4.14,2,18,31.9,24.4,,100,
312,Rob Konrad\KonrRo00,MIA,TE,27,14,12,0,0,0,0,0,4,17,4.25,0,19,16,166,10.38,0,18,37.3,26.3,,44,
313,Visanthe Shiancoe\ShiaVi00,NYG,RB,23,16,7,0,0,0,0,0,0,0,,0,23,10,56,5.60,2,18,27.6,22.6,,103,
314,Aaron Walker\WalkAa00,SFO,TE,23,16,2,0,0,0,0,0,0,0,,0,13,8,116,14.50,1,18,28.6,21.6,,45,
315,Cortez Hankton\HankCo00,JAX,WR,22,16,0,0,0,0,0,0,0,0,,0,41,17,166,9.76,0,17,36.6,25.1,,116,
316,Donald Lee\LeexDo00,MIA,TE,23,16,5,0,0,0,0,0,0,0,,0,11,7,110,15.71,1,17,27.0,20.5,,46,
317,Frank Sanders\SandFr00,BAL,WR,30,13,0,0,0,0,0,0,0,0,,0,29,14,170,12.14,0,17,34.0,24.0,,114,
318,Dedric Ward\WardDe00,2TM,WR,29,7,0,0,0,0,0,0,0,0,,0,13,7,106,15.14,1,17,26.6,20.1,,115,
319,Kurt Warner\WarnKu00,STL,QB,32,2,1,38,65,365,1,1,1,0,0.00,0,0,0,0,,0,17,17.6,11.6,,50,
320,Marc Boerigter\BoerMa00,KAN,WR,25,15,0,0,0,0,0,0,0,0,,0,26,11,158,14.36,0,16,29.8,21.3,,117,
321,Danny Kanell\KaneDa00,DEN,QB,30,5,2,53,103,442,2,5,6,5,0.83,0,0,0,0,,0,16,22.7,18.2,,51,
322,Shad Meier\MeieSh00,TEN,TE,25,15,6,0,0,0,0,0,0,0,,0,19,13,159,12.23,0,16,31.4,21.4,,47,
323,Lorenzo Neal\NealLo00,SDG,RB,33,16,15,0,0,0,0,0,18,40,2.22,1,25,16,62,3.88,0,16,32.2,24.2,,105,
324,Marcellus Rivers\RiveMa00,NYG,TE,25,12,6,0,0,0,0,0,0,0,,0,22,17,155,9.12,0,16,35.5,24.0,,48,
325,Darnell Sanders\SandDa00,CLE,WR,24,16,12,0,0,0,0,0,0,0,,0,21,15,95,6.33,1,16,30.0,22.0,,118,
326,Steve Beuerlein\BeueSt00,DEN,QB,38,4,2,33,63,389,2,5,5,13,2.60,0,0,0,0,,0,15,21.4,16.9,,53,
327,Jonathan Carter\CartJo01,NYJ,WR,24,9,0,0,0,0,0,0,0,0,,0,6,4,93,23.25,1,15,25.3,23.3,,120,
328,Brad Hoover\HoovBr00,CAR,RB,27,16,9,0,0,0,0,0,6,21,3.50,0,20,12,72,6.00,1,15,26.8,20.3,,106,
329,Larry Johnson\JohnLa00,KAN,RB,24,6,0,0,0,0,0,0,20,85,4.25,1,3,1,2,2.00,0,15,15.7,15.2,,108,
Rk,,Tm,FantPos,Age,G,GS,Cmp,Att,Yds,TD,Int,Att,Yds,Y/A,TD,Tgt,Rec,Yds,Y/R,TD,FantPt,DKPt,FDPt,VBD,PosRank,OvRank
330,Neil O'Donnell\ODonNe00,TEN,QB,37,1,1,18,27,232,2,1,1,-1,-1.00,0,0,0,0,,0,15,16.2,16.2,,52,
331,Musa Smith\SmitMu00,BAL,RB,21,11,0,0,0,0,0,0,9,31,3.44,2,0,0,0,,0,15,14.6,14.1,,107,
332,J.J. Stokes\StokJ.00,2TM,WR,31,7,3,0,0,0,0,0,0,0,,0,19,15,154,10.27,0,15,33.4,22.9,,119,
333,Bobby Wade\WadeBo00,CHI,WR,22,12,1,0,0,0,0,0,5,14,2.80,0,18,12,137,11.42,0,15,29.6,20.1,,121,
334,Derick Armstrong\ArmsDe00,HOU,WR,24,8,1,0,0,0,0,0,0,0,,0,13,7,75,10.71,1,14,20.5,17.0,,126,
335,Chris Baker\BakeCh00,NYJ,TE,24,16,0,0,0,0,0,0,0,0,,0,18,14,137,9.79,0,14,30.7,20.7,,51,
336,Ki-Jana Carter\CartKi00,NOR,RB,30,8,0,0,0,0,0,0,19,72,3.79,1,3,1,11,11.00,0,14,15.3,14.8,,109,
337,Cam Cleeland\CleeCa00,STL,WR,28,16,10,0,0,0,0,0,2,-5,-2.50,0,16,10,145,14.50,0,14,26.5,18.0,,124,
338,Antonio Freeman\FreeAn00,GNB,WR,31,15,0,0,0,0,0,0,0,0,,0,22,14,141,10.07,0,14,31.1,21.1,,123,
339,Reggie Kelly\KellRe00,CIN,TE,26,12,11,0,0,0,0,0,0,0,,0,21,13,81,6.23,1,14,27.1,20.6,,49,
340,Adrian Murrell\MurrAd00,DAL,RB,33,3,0,0,0,0,0,0,28,107,3.82,0,4,4,32,8.00,0,14,20.9,15.9,,111,
341,David Patten\PattDa00,NWE,WR,29,6,5,0,0,0,0,0,1,4,4.00,0,22,9,140,15.56,0,14,26.4,18.9,,122,
342,Artose Pinner\PinnAr00,DET,RB,25,3,2,0,0,0,0,0,39,99,2.54,0,7,5,40,8.00,0,14,18.9,16.4,,112,
343,Alan Ricard\RicaAl00,BAL,RB,26,16,13,0,0,0,0,0,19,79,4.16,0,15,9,62,6.89,0,14,29.1,24.6,,110,
344,Tony Richardson*\RichTo00,KAN,RB,32,16,10,0,0,0,0,0,24,60,2.50,0,16,12,76,6.33,0,14,25.6,19.6,,114,
345,Jamal Robertson\RobeJa00,SFO,RB,26,9,0,0,0,0,0,0,32,136,4.25,0,2,0,0,,0,14,16.6,13.6,,113,
346,Jermaine Wiggins\WiggJe00,CAR,TE,28,16,11,0,0,0,0,0,0,0,,0,20,8,80,10.00,1,14,22.0,18.0,,50,
347,Karl Williams\WillKa00,TAM,WR,32,13,0,0,0,0,0,0,1,2,2.00,0,17,7,114,16.29,0,14,23.6,17.1,,125,
348,David Allen\AlleDa00,JAX,RB,25,14,0,0,0,0,0,0,4,8,2.00,0,7,6,60,10.00,1,13,17.8,13.8,,115,
349,Steve Bush\BushSt00,ARI,TE,29,16,4,0,0,0,0,0,0,0,,0,17,11,71,6.45,1,13,24.1,18.6,,54,
350,Steve Heiden\HeidSt00,CLE,TE,27,9,9,0,0,0,0,0,0,0,,0,31,18,134,7.44,0,13,34.4,22.4,,52,
351,Tony Hollings\HollTo00,HOU,RB,22,14,1,0,0,0,0,0,38,102,2.68,0,6,2,25,12.50,0,13,16.7,11.7,,116,
352,Kurt Kittner\KittKu00,ATL,QB,23,7,4,44,114,391,2,6,8,13,1.63,0,0,0,0,,0,13,21.9,18.9,,54,
353,Josh Norman\NormJo00,SDG,TE,23,7,1,0,0,0,0,0,0,0,,0,12,6,72,12.00,1,13,19.2,16.2,,53,
354,Jeff Robinson\RobiJe00,DAL,TE,33,16,0,0,0,0,0,0,0,0,,0,2,2,8,4.00,2,13,14.8,13.8,,55,
355,Alex Bannister*\BannAl00,SEA,WR,24,16,2,0,0,0,0,0,0,0,,0,12,3,61,20.33,1,12,15.1,13.6,,128,
356,Erik Bickerstaff\BickEr00,DAL,RB,23,4,0,0,0,0,0,0,19,56,2.95,1,0,0,0,,0,12,11.6,11.6,,119,
357,Reche Caldwell\CaldRe00,SDG,WR,24,9,4,0,0,0,0,0,5,39,7.80,0,34,8,80,10.00,0,12,19.9,15.9,,129,
358,Jim Finn\FinnJi00,NYG,RB,27,15,9,0,0,0,0,0,0,0,,0,20,14,115,8.21,0,12,28.5,18.5,,120,
359,Verron Haynes\HaynVe00,PIT,RB,24,12,0,0,0,0,0,0,20,63,3.15,0,10,7,57,8.14,0,12,18.0,13.5,,117,
Rk,,Tm,FantPos,Age,G,GS,Cmp,Att,Yds,TD,Int,Att,Yds,Y/A,TD,Tgt,Rec,Yds,Y/R,TD,FantPt,DKPt,FDPt,VBD,PosRank,OvRank
360,Quentin McCord\McCoQu00,ATL,WR,25,9,2,0,0,0,0,0,2,2,1.00,0,23,9,121,13.44,0,12,24.3,16.8,,127,
361,Brian Mitchell\MitcBr00,NYG,RB,35,16,0,0,0,0,0,0,4,20,5.00,1,5,4,38,9.50,0,12,13.3,8.8,,118,
362,Eddie Berlin\BerlEd00,TEN,WR,25,14,0,0,0,0,0,0,0,0,,0,2,1,50,50.00,1,11,11.0,9.5,,131,
363,Dwayne Carswell\CarsDw00,DEN,TE,31,16,10,0,0,0,0,0,0,0,,0,18,6,53,8.83,1,11,17.3,14.3,,56,
364,Reggie Swinton\SwinRe00,2TM,WR,28,12,1,0,0,0,0,0,3,11,3.67,0,16,9,100,11.11,0,11,33.1,23.6,,130,
365,Jerame Tuman\TumaJe00,PIT,TE,27,16,12,0,0,0,0,0,0,0,,0,19,12,113,9.42,0,11,26.3,17.3,,57,
366,Damien Anderson\AndeDa00,ARI,RB,24,16,0,0,0,0,0,0,18,68,3.78,0,12,6,36,6.00,0,10,16.4,13.4,,121,
367,Rickey Dudley\DudlRi00,TAM,TE,31,7,2,0,0,0,0,0,0,0,,0,11,7,42,6.00,1,10,17.2,13.7,,58,
368,Dondre Gilliam\GillDo00,SDG,WR,26,5,1,0,0,0,0,0,0,0,,0,8,6,95,15.83,0,10,15.5,12.5,,134,
369,Taylor Jacobs\JacoTa00,WAS,WR,22,8,0,0,0,0,0,0,0,0,,0,6,3,37,12.33,1,10,12.7,11.2,,133,
370,Greg Lewis\LewiGr01,PHI,WR,23,11,0,0,0,0,0,0,0,0,,0,9,6,95,15.83,0,10,15.5,12.5,,135,
371,Aaron Moorehead\MoorAa00,IND,WR,23,7,0,0,0,0,0,0,0,0,,0,10,7,101,14.43,0,10,19.6,12.6,,132,
372,Rabih Abdullah\AbduRa00,CHI,RB,28,15,0,0,0,0,0,0,18,37,2.06,0,9,8,55,6.88,0,9,17.2,13.2,,122,
373,Reggie Barlow\BarlRe00,TAM,WR,30,11,0,0,0,0,0,0,0,0,,0,6,3,27,9.00,1,9,11.2,9.2,,138,
374,Todd Bouman\BoumTo00,NOR,QB,31,4,0,7,13,81,1,0,3,1,0.33,0,0,0,0,,0,9,8.8,8.3,,55,
375,Zeron Flemister\FlemZe00,WAS,TE,27,12,9,0,0,0,0,0,0,0,,0,17,9,89,9.89,0,9,17.4,12.4,,59,
376,Sam Gash\GashSa00,BUF,RB,34,16,10,0,0,0,0,0,1,3,3.00,0,13,11,83,7.55,0,9,19.1,13.1,,123,
377,Andre King\KingAn00,CLE,WR,30,15,0,0,0,0,0,0,0,0,,0,14,9,88,9.78,0,9,17.8,13.3,,137,
378,Shaun King\KingSh00,TAM,QB,26,3,0,15,22,130,1,1,4,20,5.00,0,0,0,0,,0,9,10.2,10.2,,56,
379,Brian Kozlowski\KozlBr00,ATL,TE,33,16,9,0,0,0,0,0,0,0,,0,27,10,87,8.70,0,9,18.2,12.7,,60,
380,Kevin Swayne\SwayKe00,NYJ,WR,28,15,0,0,0,0,0,0,0,0,,0,10,2,29,14.50,1,9,10.9,9.9,,136,
381,Marques Tuiasosopo\TuiaMa00,OAK,QB,24,4,1,25,45,324,0,3,6,22,3.67,0,0,0,0,,0,9,14.2,10.2,,57,
382,John Avery\AverJo00,MIN,RB,27,6,0,0,0,0,0,0,1,0,0.00,0,4,2,24,12.00,1,8,9.9,8.4,,124,
383,Woodrow Dantzler\DantWo00,ATL,RB,24,9,0,0,1,0,0,0,8,21,2.63,1,0,0,0,,0,8,8.1,8.1,,125,
384,Will Heller\HellWi00,TAM,TE,22,9,1,0,0,0,0,0,0,0,,0,4,2,15,7.50,1,8,9.5,8.5,,63,
385,Jabari Holloway\HollJa01,HOU,TE,25,15,9,0,0,0,0,0,0,0,,0,10,8,84,10.50,0,8,16.4,12.4,,61,
386,Bryan Johnson\JohnBr01,WAS,RB,25,16,11,0,0,0,0,0,2,5,2.50,0,12,9,71,7.89,0,8,16.6,12.1,,126,
387,Kevin Lockett\LockKe00,NYJ,WR,29,3,0,0,0,0,0,0,0,0,,0,7,5,76,15.20,0,8,12.6,10.1,,139,
388,Dustin Lyman\LymaDu00,CHI,TE,27,9,1,0,0,0,0,0,0,0,,0,13,11,80,7.27,0,8,19.0,13.5,,62,
389,Adrian Peterson\PeteAd00,CHI,RB,24,6,1,0,0,0,0,0,22,70,3.18,0,1,1,5,5.00,0,8,8.5,8.0,,127,
Rk,,Tm,FantPos,Age,G,GS,Cmp,Att,Yds,TD,Int,Att,Yds,Y/A,TD,Tgt,Rec,Yds,Y/R,TD,FantPt,DKPt,FDPt,VBD,PosRank,OvRank
390,Dave Ragone\RagoDa00,HOU,QB,24,2,2,20,40,135,0,1,6,51,8.50,0,1,1,-5,-5.00,0,8,8.0,5.5,,58,
391,Mark Bruener\BrueMa00,PIT,TE,31,14,0,0,0,0,0,0,0,0,,0,6,2,12,6.00,1,7,9.2,8.2,,64,
392,Jesse Chatman\ChatJe00,SDG,RB,24,16,0,0,0,0,0,0,8,17,2.13,0,5,5,54,10.80,0,7,12.1,9.6,,128,
393,Clarence Coleman\ColeCl00,BUF,WR,23,14,0,0,0,0,0,0,0,0,,0,17,8,69,8.63,0,7,14.9,10.9,,140,
394,David Garrard\GarrDa00,JAX,QB,25,2,0,9,12,86,1,0,0,0,,0,0,0,0,,0,7,7.4,7.4,,59,
395,Shaun McDonald\McDoSh00,STL,WR,22,8,1,0,0,0,0,0,2,7,3.50,0,21,10,62,6.20,0,7,16.4,10.9,,141,
396,Jimmy Redmond\RedmJi00,JAX,WR,26,12,0,0,0,0,0,0,0,0,,0,7,3,67,22.33,0,7,9.7,8.2,,142,
397,O.J. Santiago\SantO.00,OAK,TE,29,12,7,0,0,0,0,0,0,0,,0,7,5,69,13.80,0,7,11.9,9.4,,66,
398,Jerramy Stevens\StevJe00,SEA,TE,24,16,3,0,0,0,0,0,0,0,,0,19,6,72,12.00,0,7,13.2,10.2,,65,
399,R.J. Bowers\BoweRJ00,CLE,RB,29,1,0,0,0,0,0,0,0,0,,0,2,1,2,2.00,1,6,7.2,6.7,,130,
400,Avon Cobourne\CoboAv00,DET,RB,24,7,0,0,0,0,0,0,10,27,2.70,0,9,4,30,7.50,0,6,9.7,7.7,,133,
401,Heath Evans\EvanHe00,SEA,RB,25,14,0,0,0,0,0,0,7,24,3.43,0,2,2,34,17.00,0,6,7.8,6.8,,132,
402,Ryan Neufeld\NeufRy00,BUF,WR,28,16,1,0,0,0,0,0,1,14,14.00,0,5,3,41,13.67,0,6,8.5,7.0,,144,
403,Kendall Newson\NewsKe00,MIA,WR,23,6,0,0,0,0,0,0,0,0,,0,6,2,55,27.50,0,6,7.0,5.5,,143,
404,Walter Rasby\RasbWa00,NOR,TE,31,16,7,0,0,0,0,0,0,0,,0,7,6,55,9.17,0,6,11.5,8.5,,67,
405,Sage Rosenfels\RoseSa00,MIA,QB,25,2,0,4,6,50,1,0,1,-1,-1.00,0,0,0,0,,0,6,5.9,5.9,,60,
406,Rod Smart\SmarRo00,CAR,RB,26,16,0,0,0,0,0,0,20,49,2.45,0,3,3,11,3.67,0,6,14.0,11.5,,131,
407,Lamar Smith\SmitLa00,NOR,RB,33,4,0,0,0,0,0,0,11,61,5.55,0,1,1,2,2.00,0,6,7.3,6.8,,129,
408,Obafemi Ayanbadejo\AyanOb00,MIA,RB,28,16,2,0,0,0,0,0,1,-2,-2.00,0,13,12,53,4.42,0,5,16.6,10.1,,134,
409,Travis Brown\BrowTr01,BUF,QB,26,2,0,14,18,160,0,1,1,5,5.00,0,0,0,0,,0,5,5.9,5.9,,61,
410,Oronde Gadsden\GadsOr00,MIA,WR,32,6,0,0,0,0,0,0,0,0,,0,9,4,48,12.00,0,5,8.8,6.8,,149,
411,Hunter Goodwin\GoodHu00,MIN,TE,31,16,5,0,0,0,0,0,0,0,,0,5,4,26,6.50,0,5,8.6,6.6,,69,
412,Shawn Jefferson\JeffSh00,DET,WR,34,7,3,0,0,0,0,0,1,3,3.00,0,11,6,46,7.67,0,5,10.9,7.9,,148,
413,Delvin Joyce\JoycDe00,NYG,RB,25,16,0,0,0,0,0,0,11,39,3.55,0,5,3,7,2.33,0,5,7.1,5.1,,137,
414,David Kircus\KircDa00,DET,WR,23,5,2,0,0,0,0,0,0,0,,0,12,3,53,17.67,0,5,8.3,6.8,,145,
415,Jason McAddley\McAdJa00,ARI,WR,24,2,0,0,0,0,0,0,0,0,,0,12,4,53,13.25,0,5,9.3,7.3,,146,
416,Ahmad Merritt\MerrAh00,CHI,WR,26,15,1,0,0,0,0,0,0,0,,0,10,3,50,16.67,0,5,7.5,5.5,,147,
417,Patrick Pass\PassPa00,NWE,RB,26,13,1,0,0,0,0,0,6,27,4.50,0,8,4,21,5.25,0,5,8.8,6.8,,136,
418,Robert Royal\RoyaRo00,WAS,TE,24,6,6,0,0,0,0,0,0,0,,0,11,5,48,9.60,0,5,9.3,6.3,,68,
419,Paul Smith\SmitPa00,DET,RB,25,7,0,0,0,0,0,0,2,5,2.50,0,6,5,45,9.00,0,5,10.0,7.5,,135,
Rk,,Tm,FantPos,Age,G,GS,Cmp,Att,Yds,TD,Int,Att,Yds,Y/A,TD,Tgt,Rec,Yds,Y/R,TD,FantPt,DKPt,FDPt,VBD,PosRank,OvRank
420,Zuriel Smith\SmitZu00,DAL,WR,23,9,0,0,0,0,0,0,0,0,,0,3,3,46,15.33,0,5,6.1,3.1,,150,
421,Sam Aiken\AikeSa00,BUF,WR,23,5,0,0,0,0,0,0,0,0,,0,8,3,35,11.67,0,4,6.5,5.0,,154,
422,Doug Chapman\ChapDo00,MIN,RB,26,4,0,0,0,0,0,0,15,33,2.20,0,1,1,8,8.00,0,4,5.1,4.6,,138,
423,Chris Cole\ColeCh00,DEN,WR,26,11,0,0,0,0,0,0,2,8,4.00,0,8,3,36,12.00,0,4,6.9,4.9,,151,
424,James Fenderson\FendJa00,NOR,RB,27,9,0,0,0,0,0,0,4,14,3.50,0,1,1,5,5.00,0,4,4.9,4.4,,140,
425,Rob Johnson\JohnRo00,2TM,QB,30,4,0,11,20,93,0,1,3,21,7.00,0,0,0,0,,0,4,4.8,4.8,,62,
426,Tee Martin\MartTe00,OAK,QB,25,2,0,6,16,69,0,1,5,28,5.60,0,0,0,0,,0,4,3.1,1.6,,63,
427,Moran Norris\NorrMo00,HOU,RB,25,16,9,0,0,0,0,0,0,0,,0,10,7,40,5.71,0,4,11.0,7.5,,139,
428,Willie Ponder\PondWi00,NYG,WR,23,4,0,0,0,0,0,0,0,0,,0,11,7,35,5.00,0,4,10.5,7.0,,153,
429,J.R. Redmond\RedmJ.00,OAK,RB,26,1,0,0,0,0,0,0,9,30,3.33,0,2,1,6,6.00,0,4,4.6,4.1,,141,
430,Mike Seidman\SeidMi00,CAR,TE,22,12,5,0,0,0,0,0,0,0,,0,10,5,35,7.00,0,4,8.5,6.0,,70,
431,Edell Shepherd\ShepEd00,TAM,WR,23,2,0,0,0,0,0,0,0,0,,0,6,4,38,9.50,0,4,7.8,5.8,,152,
432,Charlie Batch\BatcCh00,PIT,QB,29,4,0,4,8,47,0,0,1,11,11.00,0,0,0,0,,0,3,2.5,2.0,,65,
433,Byron Chamberlain\ChamBy00,WAS,TE,32,4,1,0,0,0,0,0,0,0,,0,4,4,29,7.25,0,3,6.9,4.9,,74,
434,Ronald Curry\CurrRo01,OAK,WR,24,16,2,0,0,0,0,0,1,0,0.00,0,10,5,31,6.20,0,3,7.6,4.6,,155,
435,Trent Dilfer\DilfTr00,SEA,QB,31,5,0,4,8,31,1,1,2,-1,-0.50,0,0,0,0,,0,3,3.1,2.1,,64,
436,Talman Gardner\GardTa00,NOR,WR,23,10,1,0,0,0,0,0,0,0,,0,15,3,29,9.67,0,3,5.9,4.4,,156,
437,Karl Hankton\HankKa00,CAR,WR,33,14,0,0,0,0,0,0,0,0,,0,4,2,27,13.50,0,3,4.7,3.7,,158,
438,Patrick Hape\HapePa00,DEN,TE,29,16,0,0,0,0,0,0,0,0,,0,4,3,30,10.00,0,3,6.0,4.5,,72,
439,Frisman Jackson\JackFr01,CLE,WR,24,5,0,0,1,0,0,0,0,0,,0,5,2,29,14.50,0,3,4.9,3.9,,157,
440,Leon Johnson\JohnLe00,SDG,RB,29,14,0,0,0,0,0,0,4,26,6.50,0,2,0,0,,0,3,2.1,1.6,,147,
441,Chris Luzar\LuzaCh00,JAX,TE,24,11,1,0,0,0,0,0,0,0,,0,4,3,30,10.00,0,3,6.0,4.5,,73,
442,Mike McMahon\McMaMi00,DET,QB,24,3,0,9,31,87,0,2,5,32,6.40,0,0,0,0,,0,3,4.2,3.7,,66,
443,Chad Mustard\MustCh00,CLE,TE,26,10,0,0,0,0,0,0,0,0,,0,6,4,29,7.25,0,3,6.9,4.9,,75,
444,Jeb Putzier\PutzJe00,DEN,TE,24,4,0,0,0,0,0,0,0,0,,0,5,4,34,8.50,0,3,7.4,5.4,,71,
445,Cecil Sapp\SappCe00,DEN,RB,25,1,0,0,0,0,0,0,12,31,2.58,0,0,0,0,,0,3,3.1,3.1,,143,
446,John Simon\SimoJo00,WAS,RB,25,4,0,0,0,0,0,0,3,9,3.00,0,3,3,21,7.00,0,3,5.5,3.5,,144,
447,Terrelle Smith\SmitTe00,NOR,RB,25,15,10,0,0,0,0,0,0,0,,0,10,6,28,4.67,0,3,8.8,5.8,,146,
448,Charles Stackhouse\StacCh00,MIN,RB,23,14,2,0,0,0,0,0,1,0,0.00,0,7,6,30,5.00,0,3,9.0,6.0,,145,
449,Jonathan Wells\WellJo00,HOU,RB,24,13,0,0,0,0,0,0,5,14,2.80,0,4,2,17,8.50,0,3,5.1,4.1,,142,
Rk,,Tm,FantPos,Age,G,GS,Cmp,Att,Yds,TD,Int,Att,Yds,Y/A,TD,Tgt,Rec,Yds,Y/R,TD,FantPt,DKPt,FDPt,VBD,PosRank,OvRank
450,Stephen Alexander\AlexSt00,SDG,,28,3,0,0,0,0,0,0,0,0,,0,6,0,0,,0,2,2.0,2.0,,77,
451,Bill Baber\BabeBi00,KAN,TE,24,16,0,0,0,0,0,0,0,0,,0,1,1,20,20.00,0,2,3.0,2.5,,78,
452,Antonio Brown\BrowAn01,BUF,WR,25,16,0,0,0,0,0,0,1,17,17.00,0,0,0,0,,0,2,1.2,0.7,,163,
453,Todd Collins\CollTo00,KAN,QB,32,5,0,9,12,74,0,0,8,-7,-0.88,0,0,0,0,,0,2,2.3,2.3,,67,
454,Joe Davenport\DaveJo00,IND,TE,27,16,2,0,0,0,0,0,0,0,,0,8,3,23,7.67,0,2,5.3,3.8,,76,
455,Darnell Dinkins\DinkDa00,NYG,TE,26,7,0,0,0,0,0,0,0,0,,0,5,2,16,8.00,0,2,3.6,2.6,,80,
456,Kevin Dyson\DysoKe00,CAR,WR,28,1,0,0,0,0,0,0,0,0,,0,2,2,15,7.50,0,2,3.5,2.5,,165,
457,Omar Easy\EasyOm00,KAN,RB,26,15,0,0,0,0,0,0,0,0,,0,5,3,19,6.33,0,2,4.9,3.4,,150,
458,Doug Gabriel\GabrDo00,OAK,WR,23,12,0,0,0,0,0,0,0,0,,0,1,1,17,17.00,0,2,8.7,8.2,,162,
459,Chris Hetherington\HethCh00,OAK,RB,31,14,1,0,0,0,0,0,0,0,,0,4,2,23,11.50,0,2,4.3,3.3,,148,
460,Keenan Howry\HowrKe00,MIN,WR,22,16,1,0,0,0,0,0,0,0,,0,6,2,15,7.50,0,2,3.5,2.5,,166,
461,Brock Huard\HuarBr00,IND,QB,27,2,0,2,3,22,0,0,3,8,2.67,0,0,0,0,,0,2,1.2,0.7,,68,
462,Kevin Kasper\KaspKe00,ARI,WR,26,7,0,0,0,0,0,0,1,-4,-4.00,0,6,1,23,23.00,0,2,2.9,2.4,,160,
463,George Layne\LaynGe00,ATL,RB,25,3,0,0,0,0,0,0,1,15,15.00,0,2,1,3,3.00,0,2,2.8,2.3,,151,
464,Adrian Madise\MadiAd00,DEN,WR,23,11,0,0,0,0,0,0,1,10,10.00,0,3,2,10,5.00,0,2,3.5,2.0,,159,
465,Jamar Martin\MartJa01,DAL,RB,23,14,1,0,0,0,0,0,4,7,1.75,0,4,2,9,4.50,0,2,3.6,2.6,,152,
466,Lee Mays\MaysLe00,PIT,WR,25,16,0,0,0,0,0,0,0,0,,0,3,2,17,8.50,0,2,3.7,2.7,,164,
467,Fred McCrary\McCrFr00,NWE,RB,31,6,3,0,0,0,0,0,3,3,1.00,0,5,2,12,6.00,0,2,3.5,2.5,,153,
468,Sultan McCullough\McCuSu00,WAS,RB,23,1,0,0,0,0,0,0,1,9,9.00,0,3,3,13,4.33,0,2,5.2,3.7,,149,
469,Kevin Walter\WaltKe00,CIN,WR,22,11,0,0,0,0,0,0,0,0,,0,4,3,18,6.00,0,2,4.8,3.3,,161,
470,Kevin Ware\WareKe00,WAS,TE,23,11,2,0,0,0,0,0,0,0,,0,7,3,17,5.67,0,2,4.7,3.2,,79,
471,Nick Luchey\WillNi00,GNB,RB,26,11,2,0,0,0,0,0,1,3,3.00,0,2,1,12,12.00,0,2,2.5,2.0,,154,
472,B.J. Askew\AskeB.00,NYJ,RB,23,16,0,0,0,0,0,0,2,9,4.50,0,0,0,0,,0,1,0.9,0.9,,156,
473,Darian Barnes\BarnDa00,TAM,RB,23,14,0,0,0,0,0,0,0,0,,0,1,1,6,6.00,0,1,1.6,1.1,,159,
474,Arnaz Battle\BattAr00,SFO,WR,23,8,0,0,0,0,0,0,2,14,7.00,0,1,0,0,,0,1,1.4,1.4,,167,
475,Kevin Curtis\CurtKe00,STL,WR,25,4,1,0,0,0,0,0,0,0,,0,5,4,13,3.25,0,1,5.3,3.3,,168,
476,Rohan Davey\DaveRo01,NWE,QB,25,1,0,3,7,31,0,0,0,0,,0,0,0,0,,0,1,1.2,1.2,,70,
477,Koy Detmer\DetmKo00,PHI,QB,30,16,0,3,5,32,0,0,0,0,,0,0,0,0,,0,1,1.3,1.3,,69,
478,Terrence Edwards\EdwaTe00,ATL,WR,24,6,0,0,0,0,0,0,0,0,,0,5,1,10,10.00,0,1,2.0,1.5,,170,
479,Larry Foster\FostLa00,ARI,WR,27,1,1,0,0,0,0,0,0,0,,0,1,1,7,7.00,0,1,1.7,1.2,,172,
Rk,,Tm,FantPos,Age,G,GS,Cmp,Att,Yds,TD,Int,Att,Yds,Y/A,TD,Tgt,Rec,Yds,Y/R,TD,FantPt,DKPt,FDPt,VBD,PosRank,OvRank
480,Jarious Jackson\JackJa01,DEN,QB,26,1,1,4,9,41,0,1,1,9,9.00,0,0,0,0,,0,1,1.5,1.5,,72,
481,Ron Johnson\JohnRo03,BAL,WR,23,6,0,0,0,0,0,0,0,0,,0,3,1,12,12.00,0,1,2.2,1.7,,169,
482,Derrick Lewis\LewiDe00,NOR,WR,28,3,0,0,0,0,0,0,0,0,,0,1,1,7,7.00,0,1,1.7,1.2,,173,
483,Reno Mahe\MaheRe00,PHI,RB,23,2,0,0,0,0,0,0,0,0,,0,2,1,5,5.00,0,1,1.5,1.0,,160,
484,Fred McAfee\McAfFr00,NOR,RB,35,14,0,0,0,0,0,0,1,13,13.00,0,0,0,0,,0,1,0.8,0.3,,155,
485,Spencer Nead\NeadSp00,STL,TE,26,10,0,0,0,0,0,0,0,0,,0,1,1,6,6.00,0,1,1.1,0.1,,81,
486,Rodney Peete\PeetRo00,CAR,QB,37,1,1,4,10,19,0,0,0,0,,0,0,0,0,,0,1,0.8,0.8,,71,
487,Cliff Russell\RussCl00,WAS,WR,24,3,0,0,0,0,0,0,0,0,,0,2,2,10,5.00,0,1,3.0,2.0,,171,
488,Josh Scobey\ScobJo00,ARI,RB,24,15,0,0,0,0,0,0,0,0,,0,1,1,9,9.00,0,1,7.9,7.4,,157,
489,Aaron Shea\SheaAa00,CLE,RB,27,4,2,0,0,0,0,0,0,0,,0,5,2,9,4.50,0,1,2.9,1.9,,158,
490,Charlie Adams\AdamCh00,DEN,,24,4,0,0,0,0,0,0,0,0,,0,4,0,0,,0,,,,,191,
491,Dan Alexander\AlexDa21,STL,,25,1,0,0,0,0,0,0,0,0,,0,,0,0,,0,,,,,173,
492,Brian Allen\AlleBr20,IND,,23,4,0,0,0,0,0,0,0,0,,0,0,0,0,,0,,,,,169,
493,Richard Angulo\AnguRi00,STL,,23,5,0,0,0,0,0,0,0,0,,0,1,0,0,,0,,,,,95,
494,Karsten Bailey\BailKa00,GNB,,26,1,0,0,0,0,0,0,0,0,,0,2,0,0,,0,,,,,190,
495,Eugene Baker\BakeEu00,CAR,,27,1,0,0,0,0,0,0,0,0,,0,,0,0,,0,,,,,177,
496,Mike Banks\BankMi20,ARI,,24,6,0,0,0,0,0,0,0,0,,0,0,0,0,,0,,,,,115,
497,Bradford Banta\BantBr00,DET,,33,13,0,0,0,0,0,0,0,0,,0,0,0,0,,0,,,,,100,
498,Mike Bartrum\BartMi00,PHI,,33,16,0,0,0,0,0,0,0,0,,0,1,0,0,,0,,,,,107,
499,Marco Battaglia\BattMa00,CAR,,30,2,0,0,0,0,0,0,0,0,,0,,0,0,,0,,,,,116,
500,Fred Baxter\BaxtFr00,NWE,,32,12,0,0,0,0,0,0,0,0,,0,2,0,0,,0,,,,,91,
501,Sean Berton\BertSe00,MIN,,24,16,0,0,0,0,0,0,0,0,,0,0,0,0,,0,,,,,114,
502,Sean Brewer\BrewSe20,ATL,,26,9,0,0,0,0,0,0,0,0,,0,,0,0,,0,,,,,88,
503,Dee Brown\BrowDe02,PIT,,25,1,0,0,0,0,0,0,0,0,,0,,0,0,,0,,,,,166,
504,Arland Bruce\BrucAr20,SFO,,26,2,0,0,0,0,0,0,0,0,,0,0,0,0,,0,,-0.5,-1.0,,188,
505,Kerry Carter\CartKe01,SEA,RB,23,16,0,0,0,0,0,0,3,-2,-0.67,0,0,0,0,,0,,-0.2,-0.2,,175,
506,Kenny Clark\ClarKe22,MIN,,25,1,0,0,0,0,0,0,0,0,,0,0,0,0,,0,,,,,184,
507,Greg Comella\ComeGr00,HOU,,28,5,0,0,0,0,0,0,0,0,,0,1,0,0,,0,,,,,8,
508,Phillip Crosby\CrosPh00,BUF,,27,3,0,0,0,0,0,0,0,0,,0,0,0,0,,0,,,,,2,
509,Dan Curley\CurlDa20,STL,,25,1,0,0,0,0,0,0,0,0,,0,,0,0,,0,,,,,9,
Rk,,Tm,FantPos,Age,G,GS,Cmp,Att,Yds,TD,Int,Att,Yds,Y/A,TD,Tgt,Rec,Yds,Y/R,TD,FantPt,DKPt,FDPt,VBD,PosRank,OvRank
510,Matt Cushing\CushMa00,PIT,,28,4,0,0,0,0,0,0,0,0,,0,,0,0,,0,,,,,85,
511,Chris Davis\DaviCh24,SEA,,24,1,0,0,0,0,0,0,0,0,,0,,0,0,,0,,,,,6,
512,James Dearth\DearJa00,NYJ,,27,16,0,0,0,0,0,0,0,0,,0,0,0,0,,0,,,,,96,
513,Ty Detmer\DetmTy00,DET,,36,1,0,0,0,0,0,0,0,0,,0,,0,0,,0,,,,,76,
514,Kori Dickerson\DickKo20,PHI,,25,2,0,0,0,0,0,0,0,0,,0,0,0,0,,0,,,,,84,
515,Eddie Drummond\DrumEd00,DET,WR,23,6,0,0,0,0,0,0,1,1,1.00,0,0,0,0,,0,,5.6,5.1,,176,
516,LaTarence Dunbar\DunbLa20,ATL,,23,5,0,0,0,0,0,0,0,0,,0,0,0,0,,0,,,,,198,
517,Chris Edmonds\EdmoCh20,CIN,,25,4,0,0,0,0,0,0,0,0,,0,0,0,0,,0,,,,,15,
518,John Gilmore\GilmJo00,CHI,,24,15,1,0,0,0,0,0,0,0,,0,1,0,0,,0,,,,,106,
519,Joey Goodspeed\GoodJo00,STL,,25,8,4,0,0,0,0,0,0,0,,0,1,0,0,,0,,,,,7,
520,Gibran Hamdan\HamdGi00,WAS,QB,22,1,0,1,2,7,0,0,0,0,,0,0,0,0,,0,,0.3,0.3,,73,
521,Lawrence Hamilton\HamiLa20,CIN,,23,5,1,0,0,0,0,0,0,0,,0,3,0,0,,0,,,,,181,
522,Ryan Hannam\HannRy00,SEA,,23,5,0,0,0,0,0,0,0,0,,0,0,0,0,,0,,,,,93,
523,Dwone Hicks\HickDw20,TEN,,22,3,0,0,0,0,0,0,0,0,,0,0,0,0,,0,,,,,171,
524,Darrell Hill\HillDa20,TEN,,24,12,0,0,0,0,0,0,0,0,,0,0,0,0,,0,,,,,197,
525,Zachary Hilton\HiltZa00,NOR,,23,3,0,0,0,0,0,0,0,0,,0,1,0,0,,0,,,,,86,
526,Nathan Hodel\HodeNa20,ARI,,26,16,0,0,0,0,0,0,0,0,,0,0,0,0,,0,,,,,90,
527,T.J. Houshmandzadeh\HousTJ00,CIN,,26,2,0,0,0,0,0,0,0,0,,0,,0,0,,0,,,,,189,
528,Damon Huard\HuarDa00,NWE,QB,30,2,0,0,1,0,0,0,1,-1,-1.00,0,0,0,0,,0,,-0.1,-0.1,,77,
529,Chad Hutchinson\HutcCh00,DAL,QB,26,1,0,1,2,8,0,0,2,-3,-1.50,0,0,0,0,,0,,,,,75,
530,Jasen Isom\IsomJa00,SFO,,26,2,0,0,0,0,0,0,0,0,,0,,0,0,,0,,,,,13,
531,Chris Jackson\JackCh23,GNB,,28,1,0,0,0,0,0,0,0,0,,0,0,0,0,,0,,,,,187,
532,Nate Jackson\JackNa00,DEN,,24,1,0,0,0,0,0,0,0,0,,0,2,0,0,,0,,,,,186,
533,Ray Jackson\JackRa21,TEN,,25,1,0,0,0,0,0,0,0,0,,0,0,0,0,,0,,,,,170,
534,Terry Jackson\JackTe00,SFO,,27,16,0,0,0,0,0,0,0,0,,0,0,0,0,,0,,,,,4,
535,Brian Jennings\JennBr00,SFO,,27,16,0,0,0,0,0,0,0,0,,0,0,0,0,,0,,,,,104,
536,Travis Jervey\JervTr00,ATL,,31,15,0,0,0,0,0,0,0,0,,0,0,0,0,,0,,-0.5,-1.0,,172,
537,Albert Johnson\JohnAl23,NYJ,,26,1,0,0,0,0,0,0,0,0,,0,0,0,0,,0,,,,,180,
538,Robert Johnson\JohnRo04,CHI,,23,1,0,0,0,0,0,0,0,0,,0,,0,0,,0,,,,,98,
539,John Jones\JoneJo00,BAL,,28,11,0,0,0,0,0,0,0,0,,0,0,0,0,,0,,,,,103,
Rk,,Tm,FantPos,Age,G,GS,Cmp,Att,Yds,TD,Int,Att,Yds,Y/A,TD,Tgt,Rec,Yds,Y/R,TD,FantPt,DKPt,FDPt,VBD,PosRank,OvRank
540,James Jordan\JordJa20,SFO,,25,1,0,0,0,0,0,0,0,0,,0,0,0,0,,0,,,,,179,
541,Rashod Kent\KentRa20,HOU,,23,7,4,0,0,0,0,0,0,0,,0,1,0,0,,0,,,,,111,
542,Brian Kinchen\KincBr00,NWE,,38,2,0,0,0,0,0,0,0,0,,0,,0,0,,0,,,,,101,
543,Mike Leach\LeacMi00,DEN,,27,16,0,0,0,0,0,0,0,0,,0,,0,0,,0,,,,,82,
544,Brody Liddiard\LiddBr20,MIN,,26,16,0,0,0,0,0,0,0,0,,0,0,0,0,,0,,,,,108,
545,Nick Maddox\MaddNi20,CLE,,23,1,0,0,0,0,0,0,0,0,,0,0,0,0,,0,,-0.5,-1.0,,164,
546,Cecil Martin\MartCe00,TAM,,28,1,0,0,0,0,0,0,0,0,,0,,0,0,,0,,,,,1,
547,Chris Massey\MassCh00,STL,RB,24,16,0,0,0,0,0,0,1,-1,-1.00,0,0,0,0,,0,,-0.1,-0.1,,174,
548,Grant Mattos\MattGr20,SDG,,22,6,0,0,0,0,0,0,0,0,,0,1,0,0,,0,,,,,199,
549,Sean McDermott\McDeSe20,2TM,,27,6,0,0,0,0,0,0,0,0,,0,,0,0,,0,,,,,113,
550,Tony McGee\McGeTo00,2TM,,32,4,0,0,0,0,0,0,0,0,,0,1,0,0,,0,,,,,99,
551,Jason McKie\McKiJa00,CHI,,23,6,0,0,0,0,0,0,0,0,,0,0,0,0,,0,,,,,14,
552,Kevin McLeod\McLeKe00,CLE,,29,1,1,0,0,0,0,0,0,0,,0,,0,0,,0,,,,,5,
553,Billy McMullen\McMuBi00,PHI,WR,23,5,0,0,0,0,0,0,0,0,,0,3,1,2,2.00,0,,1.2,0.7,,174,
554,Sean Morey\MoreSe00,PHI,,27,16,0,0,0,0,0,0,0,0,,0,0,0,0,,0,,-0.5,-1.0,,185,
555,Harold Morrow\MorrHa00,BAL,,30,14,0,0,0,0,0,0,0,0,,0,0,0,0,,0,,,,,12,
556,Ovie Mughelli\MughOv00,BAL,,23,6,0,0,0,0,0,0,0,0,,0,0,0,0,,0,,,,,16,
557,Matt Murphy\MurpMa00,HOU,,23,1,0,0,0,0,0,0,0,0,,0,0,0,0,,0,,,,,109,
558,Craig Nall\NallCr00,GNB,QB,24,1,0,0,0,0,0,0,2,-2,-1.00,0,0,0,0,,0,,-0.2,-0.2,,78,
559,Larry Ned\NedxLa00,MIN,,25,3,0,0,0,0,0,0,0,0,,0,0,0,0,,0,,,,,167,
560,John Owens\OwenJo00,DET,,23,7,1,0,0,0,0,0,0,0,,0,0,0,0,,0,,,,,83,
561,Doug Pederson\PedeDo00,GNB,QB,35,16,0,2,2,16,0,0,6,-5,-0.83,0,0,0,0,,0,,0.1,0.1,,74,
562,Brad Pyatt\PyatBr00,IND,WR,23,8,0,0,0,0,0,0,0,0,,0,1,1,2,2.00,0,,0.2,-1.3,,175,
563,Derek Rackley\RackDe00,ATL,,26,16,1,0,0,0,0,0,0,0,,0,0,0,0,,0,,,,,97,
564,Gabe Reid\ReidGa00,CHI,,26,1,0,0,0,0,0,0,0,0,,0,,0,0,,0,,,,,87,
565,Joffrey Reynolds\ReynJo20,STL,,24,4,0,0,0,0,0,0,0,0,,0,0,0,0,,0,,,,,163,
566,Micah Ross\RossMi20,2TM,,27,7,0,0,0,0,0,0,0,0,,0,0,0,0,,0,,,,,182,
567,Sam Simmons\SimmSa20,MIA,,24,11,0,0,0,0,0,0,0,0,,0,2,0,0,,0,,,,,195,
568,Ken Simonton\SimoKe00,BUF,RB,24,2,0,0,0,0,0,0,2,4,2.00,0,0,0,0,,0,,0.4,0.4,,161,
569,David Sloan\SloaDa00,NOR,,31,4,0,0,0,0,0,0,0,0,,0,,0,0,,0,,,,,110,
Rk,,Tm,FantPos,Age,G,GS,Cmp,Att,Yds,TD,Int,Att,Yds,Y/A,TD,Tgt,Rec,Yds,Y/R,TD,FantPt,DKPt,FDPt,VBD,PosRank,OvRank
570,Detron Smith\SmitDe00,IND,,29,11,0,0,0,0,0,0,0,0,,0,0,0,0,,0,,,,,165,
571,Justin Snow\SnowJu00,IND,,27,16,0,0,0,0,0,0,0,0,,0,0,0,0,,0,,,,,89,
572,Brad St. Louis\StLoBr00,CIN,,27,16,0,0,0,0,0,0,0,0,,0,,0,0,,0,,,,,94,
573,John Stone\StonJo00,OAK,,24,1,0,0,0,0,0,0,0,0,,0,,0,0,,0,,,,,192,
574,Stephen Trejo\TrejSt00,DET,RB,26,16,0,0,0,0,0,0,0,0,,0,1,1,2,2.00,0,,1.2,0.7,,162,
575,Taco Wallace\WallTa00,SEA,,22,1,0,0,0,0,0,0,0,0,,0,,0,0,,0,,,,,194,
576,LaShaun Ward\WardLa20,KAN,,23,1,0,0,0,0,0,0,0,0,,0,0,0,0,,0,,-0.5,-1.0,,196,
577,Kenny Watson\WatsKe00,CIN,,25,8,0,0,0,0,0,0,0,0,,0,0,0,0,,0,,-0.5,-1.0,,168,
578,James Whalen\WhalJa00,DAL,,26,7,0,0,0,0,0,0,0,0,,0,0,0,0,,0,,,,,105,
579,Daniel Wilcox\WilcDa01,TAM,,26,2,0,0,0,0,0,0,0,0,,0,,0,0,,0,,,,,92,
580,James Williams\WillJa01,DET,,25,1,0,0,0,0,0,0,0,0,,0,1,0,0,,0,,,,,183,
581,Randal Williams\WillRa01,DAL,,25,15,0,0,0,0,0,0,0,0,,0,3,0,0,,0,,6.0,6.0,,178,
582,Roland Williams\WillRo01,TAM,,28,1,0,0,0,0,0,0,0,0,,0,,0,0,,0,,,,,102,
583,Walter Young\YounWa00,CAR,,24,7,0,0,0,0,0,0,0,0,,0,5,0,0,,0,,,,,193,
584,Joe Zelenka\ZeleJo00,JAX,,27,16,0,0,0,0,0,0,0,0,,0,0,0,0,,0,,,,,112,
585,Chris Redman\RedmCh00,BAL,QB,26,2,0,7,13,58,0,2,2,4,2.00,0,0,0,0,,0,-1,-0.8,-2.3,,79,
586,Alex Van Pelt\VanPAl00,BUF,QB,33,6,0,5,12,49,0,3,4,-6,-1.50,0,0,0,0,,0,-5,-1.6,-1.6,,80,