Rank,Position,Player,PlayerName,Position,Team,Avg Rank,Auction Value ($),Michael Fabiano,Marcas Grant,Alex Gelhar,Matt Harmon,Matt Franciscovich
1,QB,Aaron RodgersQB - GB,Aaron Rodgers,QB,GB,1.2,0,2,1,1,1,1
2,QB,Cam NewtonQB - CARView Video,Cam Newton,QB,CAR,1.8,0,1,2,2,2,2
3,QB,Russell WilsonQB - SEA,Russell Wilson,QB,SEA,3,0,3,3,3,3,3
4,QB,Drew BreesQB - NOView Video,Drew Brees,QB,NOV,4.6,0,5,5,4,4,5
5,QB,Andrew LuckQB - IND,Andrew Luck,QB,IND,5.4,0,4,4,6,7,6
6,QB,Carson PalmerQB - ARIView Video,Carson Palmer,QB,ARI,5.6,0,8,6,5,5,4
7,QB,Eli ManningQB - NYG,Eli Manning,QB,NYG,7.4,0,9,7,8,6,7
8,QB,Ben RoethlisbergerQB - PIT,Ben Roethlisberger,QB,PIT,9.2,0,7,8,12,9,10
9,QB,Philip RiversQB - SD,Philip Rivers,QB,SD,9.8,0,10,13,7,8,11
10,QB,Tom BradyQB - NE,Tom Brady,QB,NE,10.2,0,6,9,9,10,17
11,QB,Tyrod TaylorQB - BUFView Video,Tyrod Taylor,QB,BUF,12,0,11,19,10,12,8
12,QB,Blake BortlesQB - JAX,Blake Bortles,QB,JAX,13,0,14,11,11,16,13
13,QB,Andy DaltonQB - CINView Video,Andy Dalton,QB,CIN,14.2,0,15,12,15,14,15
14,QB,Derek CarrQB - OAKView Video,Derek Carr,QB,OAK,14.6,0,17,10,16,18,12
15,QB,Ryan FitzpatrickQB - NYJ,Ryan Fitzpatrick,QB,NYJ,14.6,0,18,17,14,15,9
16,QB,Kirk CousinsQB - WAS,Kirk Cousins,QB,WAS,16,0,12,18,19,11,20
17,QB,Jameis WinstonQB - TBView NewsView Video,Jameis Winston,QB,TBV,16,0,16,14,17,17,16
18,QB,Matthew StaffordQB - DET,Matthew Stafford,QB,DET,16.4,0,13,16,21,13,19
19,QB,Marcus MariotaQB - TEN,Marcus Mariota,QB,TEN,19.2,0,19,20,20,19,18
20,QB,Dak PrescottQB - DALView Video,Dak Prescott,QB,DAL,22,0,20,--,--,24,--
21,QB,Matt RyanQB - ATL,Matt Ryan,QB,ATL,22,0,24,23,22,20,21
22,QB,Joe FlaccoQB - BAL,Joe Flacco,QB,BAL,22.2,0,23,24,18,21,25
23,QB,Tony RomoQB - DALView News,Tony Romo,QB,DAL,22.4,0,36,15,13,34,14
24,QB,Ryan TannehillQB - MIA,Ryan Tannehill,QB,MIA,22.8,0,21,21,26,23,23
25,QB,Brock OsweilerQB - HOU,Brock Osweiler,QB,HOU,24.6,0,22,22,24,29,26
26,QB,Alex SmithQB - KC,Alex Smith,QB,KC,25,0,25,26,23,22,29
27,QB,Jay CutlerQB - CHI,Jay Cutler,QB,CHI,26.2,0,26,27,28,28,22
28,QB,Teddy BridgewaterQB - MINView NewsView Video,Teddy Bridgewater,QB,MIN,27,0,--,25,25,27,31
29,QB,Robert Griffin IIIQB - CLE,Robert Griffin III,QB,CLE,27,0,27,30,29,25,24
30,QB,Blaine GabbertQB - SF,Blaine Gabbert,QB,SF,27.4,0,29,28,27,26,27
31,QB,Sam BradfordQB - PHI,Sam Bradford,QB,PHI,29.6,0,28,29,30,31,30
32,QB,Shaun HillQB - MIN,Shaun Hill,QB,MIN,31,0,31,--,--,--,--
33,QB,Trevor SiemianQB - DEN,Trevor Siemian,QB,DEN,31.5,0,30,--,34,30,32
34,QB,Case KeenumQB - LA,Case Keenum,QB,LA,32.25,0,33,--,31,32,33
35,QB,Mark SanchezQB - DEN,Mark Sanchez,QB,DEN,32.25,0,--,32,32,37,28
36,QB,Jared GoffQB - LA,Jared Goff,QB,LA,33.6,0,34,31,36,33,34
37,QB,Jimmy GaroppoloQB - NE,Jimmy Garoppolo,QB,NE,34.6,0,32,35,35,36,35
38,QB,Josh McCownQB - CLEView News,Josh McCown,QB,CLE,36.25,0,37,34,--,35,39
39,QB,Geno SmithQB - NYJ,Geno Smith,QB,NYJ,36.4,0,39,33,33,39,38
40,QB,Chase DanielQB - PHI,Chase Daniel,QB,PHI,37,0,--,--,37,--,--
1,RB,David JohnsonRB - ARI,David Johnson,RB,ARI,1.4,0,3,1,1,1,1
2,RB,Todd GurleyRB - LAView Video,Todd Gurley,RB,LAV,3,0,1,2,3,5,4
3,RB,Adrian PetersonRB - MINView Video,Adrian Peterson,RB,MIN,3.4,0,2,3,5,4,3
4,RB,Lamar MillerRB - HOUView Video,Lamar Miller,RB,HOU,3.6,0,6,5,2,3,2
5,RB,Ezekiel ElliottRB - DAL,Ezekiel Elliott,RB,DAL,4.6,0,5,4,4,2,8
6,RB,Jamaal CharlesRB - KCView Video,Jamaal Charles,RB,KCV,7,0,9,8,6,6,6
7,RB,Le'Veon BellRB - PIT,Le'Veon Bell,RB,PIT,8.4,0,4,13,13,7,5
8,RB,Devonta FreemanRB - ATLView Video,Devonta Freeman,RB,ATL,8.8,0,8,11,9,9,7
9,RB,Mark IngramRB - NO,Mark Ingram,RB,NO,9,0,7,9,7,8,14
10,RB,Eddie LacyRB - GBView Video,Eddie Lacy,RB,GBV,9.2,0,10,7,8,11,10
11,RB,Doug MartinRB - TBView NewsView Video,Doug Martin,RB,TBV,10.6,0,12,12,10,10,9
12,RB,LeSean McCoyRB - BUF,LeSean McCoy,RB,BUF,10.6,0,11,6,11,14,11
13,RB,C.J. AndersonRB - DEN,C.J. Anderson,RB,DEN,12.6,0,13,10,12,13,15
14,RB,Carlos HydeRB - SFView News,Carlos Hyde,RB,SFV,16.2,0,14,14,20,21,12
15,RB,Latavius MurrayRB - OAK,Latavius Murray,RB,OAK,16.2,0,18,20,14,12,17
16,RB,Matt ForteRB - NYJ,Matt Forte,RB,NYJ,16.8,0,16,16,18,16,18
17,RB,Jeremy HillRB - CIN,Jeremy Hill,RB,CIN,17.6,0,21,18,19,17,13
18,RB,Jonathan StewartRB - CAR,Jonathan Stewart,RB,CAR,18,0,19,17,15,20,19
19,RB,Ryan MathewsRB - PHI,Ryan Mathews,RB,PHI,20.6,0,20,15,22,23,23
20,RB,Frank GoreRB - IND,Frank Gore,RB,IND,22.4,0,23,25,17,26,21
21,RB,Jeremy LangfordRB - CHI,Jeremy Langford,RB,CHI,22.6,0,22,24,27,15,25
22,RB,Thomas RawlsRB - SEAView News,Thomas Rawls,RB,SEA,22.6,0,15,28,25,18,27
23,RB,Giovani BernardRB - CIN,Giovani Bernard,RB,CIN,22.8,0,30,19,16,19,30
24,RB,Melvin GordonRB - SDView Video,Melvin Gordon,RB,SDV,23.4,0,24,26,21,30,16
25,RB,Danny WoodheadRB - SD,Danny Woodhead,RB,SD,26.4,0,29,35,24,22,22
26,RB,Arian FosterRB - MIA,Arian Foster,RB,MIA,27.4,0,26,22,23,32,34
27,RB,Duke JohnsonRB - CLE,Duke Johnson,RB,CLE,27.4,0,27,23,28,31,28
28,RB,DeMarco MurrayRB - TEN,DeMarco Murray,RB,TEN,27.4,0,17,21,41,38,20
29,RB,Ameer AbdullahRB - DET,Ameer Abdullah,RB,DET,29.8,0,25,38,26,24,36
30,RB,Rashad JenningsRB - NYG,Rashad Jennings,RB,NYG,30,0,28,33,31,27,31
31,RB,Matt JonesRB - WAS,Matt Jones,RB,WAS,31,0,31,29,30,25,40
32,RB,Chris IvoryRB - JAX,Chris Ivory,RB,JAX,32.4,0,33,30,29,33,37
33,RB,Jay AjayiRB - MIA,Jay Ajayi,RB,MIA,32.8,0,42,27,35,34,26
34,RB,Charles SimsRB - TBView News,Charles Sims,RB,TBV,34.6,0,38,36,36,28,35
35,RB,DeAngelo WilliamsRB - PIT,DeAngelo Williams,RB,PIT,35.4,0,36,31,34,35,41
36,RB,Derrick HenryRB - TEN,Derrick Henry,RB,TEN,36.2,0,34,43,44,36,24
37,RB,Isaiah CrowellRB - CLEView Video,Isaiah Crowell,RB,CLE,38.2,0,40,45,33,41,32
38,RB,Christine MichaelRB - SEA,Christine Michael,RB,SEA,38.6,0,46,34,38,42,33
39,RB,T.J. YeldonRB - JAX,T.J. Yeldon,RB,JAX,39,0,32,40,37,44,42
40,RB,Justin ForsettRB - BAL,Justin Forsett,RB,BAL,40.8,0,37,32,49,57,29
41,RB,Bilal PowellRB - NYJ,Bilal Powell,RB,NYJ,41,0,41,53,43,29,39
42,RB,Terrance WestRB - BAL,Terrance West,RB,BAL,42.4,0,45,42,39,48,38
43,RB,Theo RiddickRB - DET,Theo Riddick,RB,DET,42.6,0,39,44,42,45,43
44,RB,LeGarrette BlountRB - NE,LeGarrette Blount,RB,NE,42.8,0,35,37,45,40,57
45,RB,Dion LewisRB - NEPUP,Dion Lewis,RB,NEP,45.25,0,64,46,32,39,--
46,RB,Tevin ColemanRB - ATL,Tevin Coleman,RB,ATL,46.8,0,43,41,54,46,50
47,RB,James WhiteRB - NE,James White,RB,NE,47.25,0,44,39,--,37,69
48,RB,Darren SprolesRB - PHI,Darren Sproles,RB,PHI,49,0,50,54,40,53,48
49,RB,Shane VereenRB - NYG,Shane Vereen,RB,NYG,50.4,0,52,55,48,51,46
50,RB,Spencer WareRB - KCView Video,Spencer Ware,RB,KCV,51,0,53,52,47,43,60
51,RB,Jerick McKinnonRB - MIN,Jerick McKinnon,RB,MIN,52.4,0,51,47,59,56,49
52,RB,DeAndre WashingtonRB - OAK,DeAndre Washington,RB,OAK,52.4,0,48,58,50,50,56
53,RB,James StarksRB - GB,James Starks,RB,GB,52.8,0,47,49,57,59,52
54,RB,Chris ThompsonRB - WASView News,Chris Thompson,RB,WAS,53,0,49,74,51,47,44
55,RB,Karlos WilliamsRB - View News,Karlos Williams,RB,Vie,56,0,--,--,56,--,--
56,RB,Devontae BookerRB - DEN,Devontae Booker,RB,DEN,56.6,0,58,48,66,64,47
57,RB,Jordan HowardRB - CHI,Jordan Howard,RB,CHI,56.75,0,54,57,--,58,58
58,RB,C.J. ProsiseRB - SEA,C.J. Prosise,RB,SEA,58.4,0,61,64,61,61,45
59,RB,Alfred MorrisRB - DAL,Alfred Morris,RB,DAL,59,0,57,56,55,60,67
60,RB,Paul PerkinsRB - NYG,Paul Perkins,RB,NYG,59,0,55,63,64,--,54
61,RB,Javorius AllenRB - BAL,Javorius Allen,RB,BAL,59.5,0,56,59,--,49,74
62,RB,Rob KelleyRB - WAS,Rob Kelley,RB,WAS,60,0,60,--,--,--,--
63,RB,Chris JohnsonRB - ARI,Chris Johnson,RB,ARI,61,0,63,65,52,74,51
64,RB,Kenneth DixonRB - BAL,Kenneth Dixon,RB,BAL,62,0,70,50,46,69,75
65,RB,Shaun DraughnRB - SFView News,Shaun Draughn,RB,SFV,62.2,0,67,66,67,52,59
66,RB,Mike GillisleeRB - BUFView News,Mike Gillislee,RB,BUF,63.25,0,72,--,63,54,64
67,RB,Wendell SmallwoodRB - PHI,Wendell Smallwood,RB,PHI,64,0,62,62,65,76,55
68,RB,Kenyan DrakeRB - MIA,Kenyan Drake,RB,MIA,65,0,68,51,76,77,53
69,RB,Khiry RobinsonRB - NYJ,Khiry Robinson,RB,NYJ,65,0,--,61,--,72,62
70,RB,Ka'Deem CareyRB - CHI,Ka'Deem Carey,RB,CHI,65.33,0,76,60,60,--,--
71,RB,Alex CollinsRB - SEA,Alex Collins,RB,SEA,66,0,--,--,--,--,66
72,RB,Tim HightowerRB - NO,Tim Hightower,RB,NO,66,0,59,71,53,75,72
73,RB,Keith MarshallRB - WASIR,Keith Marshall,RB,WAS,67,0,--,76,58,--,--
74,RB,C.J. SpillerRB - NO,C.J. Spiller,RB,NO,67,0,--,--,68,62,71
75,RB,Malcolm BrownRB - LA,Malcolm Brown,RB,LA,67.5,0,--,80,--,55,--
76,RB,Benny CunninghamRB - LA,Benny Cunningham,RB,LA,68.5,0,--,67,70,--,--
77,RB,Charcandrick WestRB - KC,Charcandrick West,RB,KC,68.8,0,77,69,62,66,70
78,RB,Reggie BushRB - BUF,Reggie Bush,RB,BUF,69,0,71,--,--,63,73
79,RB,Cameron Artis-PayneRB - CAR,Cameron Artis-Payne,RB,CAR,70.5,0,69,70,--,80,63
80,RB,Darren McFaddenRB - DAL,Darren McFadden,RB,DAL,70.75,0,65,--,79,78,61
1,WR,Antonio BrownWR - PITView News,Antonio Brown,WR,PIT,1.2,0,1,1,1,2,1
2,WR,Odell BeckhamWR - NYG,Odell Beckham,WR,NYG,2,0,2,2,3,1,2
3,WR,Julio JonesWR - ATL,Julio Jones,WR,ATL,2.8,0,3,3,2,3,3
4,WR,A.J. GreenWR - CINView Video,A.J. Green,WR,CIN,4.2,0,5,4,4,4,4
5,WR,Allen RobinsonWR - JAX,Allen Robinson,WR,JAX,5.6,0,7,6,5,5,5
6,WR,DeAndre HopkinsWR - HOU,DeAndre Hopkins,WR,HOU,6.6,0,4,7,8,7,7
7,WR,Dez BryantWR - DAL,Dez Bryant,WR,DAL,7.4,0,8,8,7,8,6
8,WR,Keenan AllenWR - SD,Keenan Allen,WR,SD,7.6,0,12,5,6,6,9
9,WR,Brandon MarshallWR - NYJ,Brandon Marshall,WR,NYJ,8.8,0,6,9,10,11,8
10,WR,Jordy NelsonWR - GB,Jordy Nelson,WR,GB,10,0,9,10,9,10,12
11,WR,Alshon JefferyWR - CHI,Alshon Jeffery,WR,CHI,11,0,10,14,11,9,11
12,WR,Mike EvansWR - TBView News,Mike Evans,WR,TBV,11.2,0,11,11,12,12,10
13,WR,Amari CooperWR - OAKView Video,Amari Cooper,WR,OAK,14.2,0,15,12,16,15,13
14,WR,Sammy WatkinsWR - BUFView NewsView Video,Sammy Watkins,WR,BUF,14.8,0,13,13,13,13,22
15,WR,T.Y. HiltonWR - IND,T.Y. Hilton,WR,IND,16,0,16,16,14,17,17
16,WR,Demaryius ThomasWR - DEN,Demaryius Thomas,WR,DEN,16.8,0,17,17,20,16,14
17,WR,Randall CobbWR - GB,Randall Cobb,WR,GB,17.2,0,22,15,15,14,20
18,WR,Brandin CooksWR - NOView Video,Brandin Cooks,WR,NOV,18.2,0,14,18,21,22,16
19,WR,Jarvis LandryWR - MIA,Jarvis Landry,WR,MIA,20,0,18,19,28,20,15
20,WR,Jeremy MaclinWR - KC,Jeremy Maclin,WR,KC,20,0,21,25,17,18,19
21,WR,Eric DeckerWR - NYJView Video,Eric Decker,WR,NYJ,20.8,0,19,21,23,23,18
22,WR,Doug BaldwinWR - SEA,Doug Baldwin,WR,SEA,23,0,25,22,19,26,23
23,WR,Donte MoncriefWR - IND,Donte Moncrief,WR,IND,23.4,0,23,28,18,19,29
24,WR,John BrownWR - ARI,John Brown,WR,ARI,24.4,0,28,24,25,24,21
25,WR,Kelvin BenjaminWR - CAR,Kelvin Benjamin,WR,CAR,24.8,0,26,27,26,21,24
26,WR,Michael FloydWR - ARI,Michael Floyd,WR,ARI,25.8,0,27,23,24,27,28
27,WR,Julian EdelmanWR - NE,Julian Edelman,WR,NE,26,0,20,26,22,30,32
28,WR,Golden TateWR - DET,Golden Tate,WR,DET,26.8,0,24,30,27,28,25
29,WR,Emmanuel SandersWR - DEN,Emmanuel Sanders,WR,DEN,28.6,0,29,20,31,36,27
30,WR,DeSean JacksonWR - WAS,DeSean Jackson,WR,WAS,30,0,33,31,29,31,26
31,WR,Marvin JonesWR - DETView Video,Marvin Jones,WR,DET,30.4,0,31,29,37,25,30
32,WR,Michael CrabtreeWR - OAK,Michael Crabtree,WR,OAK,33.2,0,34,35,30,33,34
33,WR,Tyler LockettWR - SEA,Tyler Lockett,WR,SEA,34.6,0,35,33,34,29,42
34,WR,Jordan MatthewsWR - PHI,Jordan Matthews,WR,PHI,34.8,0,32,32,42,37,31
35,WR,Larry FitzgeraldWR - ARI,Larry Fitzgerald,WR,ARI,35.2,0,30,36,35,40,35
36,WR,Sterling ShepardWR - NYG,Sterling Shepard,WR,NYG,37.8,0,38,37,39,39,36
37,WR,Kamar AikenWR - BAL,Kamar Aiken,WR,BAL,39.8,0,52,43,32,35,37
38,WR,Torrey SmithWR - SF,Torrey Smith,WR,SF,39.8,0,41,47,33,34,44
39,WR,Corey ColemanWR - CLE,Corey Coleman,WR,CLE,40.4,0,45,38,43,43,33
40,WR,Tavon AustinWR - LA,Tavon Austin,WR,LA,40.6,0,43,34,36,47,43
41,WR,Allen HurnsWR - JAX,Allen Hurns,WR,JAX,41,0,36,44,40,44,41
42,WR,Kevin WhiteWR - CHI,Kevin White,WR,CHI,41.4,0,37,45,45,42,38
43,WR,Josh GordonWR - CLEView Video,Josh Gordon,WR,CLE,42.25,0,46,--,41,32,50
44,WR,Willie SneadWR - NO,Willie Snead,WR,NO,43.4,0,42,39,48,41,47
45,WR,DeVante ParkerWR - MIA,DeVante Parker,WR,MIA,44.4,0,39,48,49,46,40
46,WR,Travis BenjaminWR - SD,Travis Benjamin,WR,SD,47.6,0,49,52,47,45,45
47,WR,Stefon DiggsWR - MINView Video,Stefon Diggs,WR,MIN,48.2,0,44,42,44,38,73
48,WR,Mohamed SanuWR - ATL,Mohamed Sanu,WR,ATL,49.5,0,59,41,46,52,--
49,WR,Markus WheatonWR - PIT,Markus Wheaton,WR,PIT,49.6,0,53,50,56,50,39
50,WR,Vincent JacksonWR - TBView News,Vincent Jackson,WR,TBV,52,0,47,51,52,61,49
51,WR,Michael ThomasWR - NO,Michael Thomas,WR,NO,52.8,0,57,40,55,51,61
52,WR,Steve SmithWR - BAL,Steve Smith,WR,BAL,54.25,0,40,62,--,69,46
53,WR,Rishard MatthewsWR - TENView News,Rishard Matthews,WR,TEN,54.6,0,51,58,50,54,60
54,WR,Mike WallaceWR - BAL,Mike Wallace,WR,BAL,54.6,0,58,59,38,55,63
55,WR,Pierre GarconWR - WAS,Pierre Garcon,WR,WAS,55.4,0,62,54,53,60,48
56,WR,Laquon TreadwellWR - MINView Video,Laquon Treadwell,WR,MIN,56.2,0,48,46,58,72,57
57,WR,Dorial Green-BeckhamWR - PHI,Dorial Green-Beckham,WR,PHI,57.25,0,--,49,61,65,54
58,WR,Tajae SharpeWR - TEN,Tajae Sharpe,WR,TEN,57.25,0,55,--,74,49,51
59,WR,Bruce EllingtonWR - SFIR,Bruce Ellington,WR,SFI,57.67,0,--,--,54,48,71
60,WR,Devin FunchessWR - CAR,Devin Funchess,WR,CAR,58,0,64,53,57,58,58
61,WR,Nelson AgholorWR - PHI,Nelson Agholor,WR,PHI,60.4,0,63,63,59,64,53
62,WR,Phillip DorsettWR - IND,Phillip Dorsett,WR,IND,60.4,0,54,56,63,57,72
63,WR,Terrance WilliamsWR - DAL,Terrance Williams,WR,DAL,60.4,0,66,64,67,53,52
64,WR,Tyler BoydWR - CIN,Tyler Boyd,WR,CIN,60.67,0,65,55,--,--,62
65,WR,Will FullerWR - HOU,Will Fuller,WR,HOU,61.25,0,50,61,75,59,--
66,WR,Malcolm MitchellWR - NE,Malcolm Mitchell,WR,NE,64.33,0,--,60,--,67,66
67,WR,Sammie CoatesWR - PIT,Sammie Coates,WR,PIT,64.4,0,56,69,66,56,75
68,WR,Terrelle PryorWR - CLE,Terrelle Pryor,WR,CLE,66,0,61,--,--,71,--
69,WR,Ted GinnWR - CAR,Ted Ginn,WR,CAR,66.4,0,68,72,60,62,70
70,WR,Chris HoganWR - NE,Chris Hogan,WR,NE,66.67,0,60,65,--,75,--
71,WR,Davante AdamsWR - GB,Davante Adams,WR,GB,67.2,0,70,79,68,63,56
72,WR,Kendall WrightWR - TEN,Kendall Wright,WR,TEN,67.2,0,71,67,62,77,59
73,WR,Anquan BoldinWR - DET,Anquan Boldin,WR,DET,67.67,0,67,71,65,--,--
74,WR,Steve JohnsonWR - SDIR,Steve Johnson,WR,SDI,68,0,--,--,--,--,68
75,WR,Josh DoctsonWR - WAS,Josh Doctson,WR,WAS,68.6,0,69,66,73,80,55
76,WR,Rashad GreeneWR - JAX,Rashad Greene,WR,JAX,69,0,--,--,--,--,69
77,WR,Brandon LaFellWR - CIN,Brandon LaFell,WR,CIN,69,0,76,57,72,73,67
78,WR,Robert WoodsWR - BUF,Robert Woods,WR,BUF,69.5,0,--,68,64,68,78
79,WR,Braxton MillerWR - HOU,Braxton Miller,WR,HOU,70,0,--,70,--,--,--
80,WR,Brian QuickWR - LA,Brian Quick,WR,LA,70,0,--,--,70,--,--
1,TE,Rob GronkowskiTE - NE,Rob Gronkowski,TE,NE,1,0,1,1,1,1,1
2,TE,Jordan ReedTE - WASView News,Jordan Reed,TE,WAS,2.2,0,3,2,2,2,2
3,TE,Greg OlsenTE - CAR,Greg Olsen,TE,CAR,2.8,0,2,3,3,3,3
4,TE,Delanie WalkerTE - TEN,Delanie Walker,TE,TEN,5.6,0,4,4,9,7,4
5,TE,Travis KelceTE - KC,Travis Kelce,TE,KC,6,0,6,7,6,4,7
6,TE,Gary BarnidgeTE - CLE,Gary Barnidge,TE,CLE,6.2,0,7,8,4,6,6
7,TE,Tyler EifertTE - CIN,Tyler Eifert,TE,CIN,7.4,0,8,9,5,5,10
8,TE,Coby FleenerTE - NOView Video,Coby Fleener,TE,NOV,7.6,0,5,6,7,8,12
9,TE,Julius ThomasTE - JAX,Julius Thomas,TE,JAX,9,0,11,5,12,9,8
10,TE,Antonio GatesTE - SD,Antonio Gates,TE,SD,9.4,0,9,12,11,10,5
11,TE,Zach MillerTE - CHI,Zach Miller,TE,CHI,11.2,0,13,10,10,14,9
12,TE,Dwayne AllenTE - IND,Dwayne Allen,TE,IND,12.6,0,17,11,13,11,11
13,TE,Ladarius GreenTE - PITPUPView Video,Ladarius Green,TE,PIT,13.33,0,--,19,8,13,--
14,TE,Zach ErtzTE - PHIView Video,Zach Ertz,TE,PHI,15.8,0,10,13,15,16,25
15,TE,Jason WittenTE - DAL,Jason Witten,TE,DAL,15.8,0,14,15,14,17,19
16,TE,Eric EbronTE - DET,Eric Ebron,TE,DET,16.6,0,15,17,18,18,15
17,TE,Jared CookTE - GB,Jared Cook,TE,GB,16.8,0,19,23,17,12,13
18,TE,Vance McDonaldTE - SF,Vance McDonald,TE,SF,17.33,0,--,--,16,22,14
19,TE,Martellus BennettTE - NE,Martellus Bennett,TE,NE,18,0,12,22,20,15,21
20,TE,Charles ClayTE - BUF,Charles Clay,TE,BUF,20.4,0,18,20,25,23,16
21,TE,Clive WalfordTE - OAK,Clive Walford,TE,OAK,20.4,0,20,16,21,27,18
22,TE,Jimmy GrahamTE - SEAView News,Jimmy Graham,TE,SEA,20.5,0,16,14,--,25,27
23,TE,Jordan CameronTE - MIA,Jordan Cameron,TE,MIA,21.8,0,21,18,27,21,22
24,TE,Jeff HeuermanTE - DEN,Jeff Heuerman,TE,DEN,22,0,--,--,22,--,--
25,TE,Will TyeTE - NYG,Will Tye,TE,NYG,22.4,0,26,26,19,24,17
26,TE,Kyle RudolphTE - MIN,Kyle Rudolph,TE,MIN,23,0,22,24,29,20,20
27,TE,Austin Seferian-JenkinsTE - TBView News,Austin Seferian-Jenkins,TE,TBV,23.6,0,23,21,23,28,23
28,TE,Jesse JamesTE - PITView News,Jesse James,TE,PIT,24,0,24,--,--,--,--
29,TE,Benjamin WatsonTE - BALIR,Benjamin Watson,TE,BAL,24.5,0,--,25,24,--,--
30,TE,Cameron BrateTE - TB,Cameron Brate,TE,TB,25,0,--,29,28,19,24
1,K,Stephen GostkowskiK - NE,Stephen Gostkowsk,K,NE,1.2,0,1,1,1,1,2
2,K,Graham GanoK - CAR,Graham Gan,K,CAR,3.4,0,8,3,2,3,1
3,K,Chandler CatanzaroK - ARI,Chandler Catanzar,K,ARI,3.6,0,6,2,5,2,3
4,K,Steven HauschkaK - SEA,Steven Hauschk,K,SEA,4.4,0,2,4,3,4,9
5,K,Chris BoswellK - PIT,Chris Boswel,K,PIT,6.6,0,3,5,6,5,14
6,K,Dan BaileyK - DAL,Dan Baile,K,DAL,7.2,0,4,6,8,6,12
7,K,Kai ForbathK - NO,Kai Forbat,K,NO,7.5,0,--,--,10,--,5
8,K,Mason CrosbyK - GB,Mason Crosb,K,GB,7.6,0,7,10,4,10,7
9,K,Adam VinatieriK - IND,Adam Vinatier,K,IND,9,0,5,11,--,11,--
10,K,Justin TuckerK - BAL,Justin Tucke,K,BAL,9.25,0,9,8,12,8,--
11,K,Josh BrownK - NYG,Josh Brow,K,NYG,12,0,14,12,7,12,15
12,K,Blair WalshK - MIN,Blair Wals,K,MIN,13.75,0,11,9,26,9,--
13,K,Robbie GouldK - CHI,Robbie Goul,K,CHI,14.4,0,16,15,22,15,4
14,K,Cairo SantosK - KC,Cairo Santo,K,KC,14.8,0,12,7,18,7,30
15,K,Brandon McManusK - DEN,Brandon McManu,K,DEN,15.4,0,15,13,13,13,23
16,K,Travis CoonsK,Travis Coons,K,,16,0,--,--,--,--,16
17,K,Phil DawsonK - SF,Phil Dawso,K,SF,16.5,0,27,--,--,--,6
18,K,Jason MyersK - JAX,Jason Myer,K,JAX,17,0,18,16,11,16,24
19,K,Mike NugentK - CIN,Mike Nugen,K,CIN,17.2,0,17,17,9,17,26
20,K,Dan CarpenterK - BUFView News,Dan Carpente,K,BUF,18.6,0,22,22,19,22,8
21,K,Matt BryantK - ATL,Matt Bryan,K,ATL,19,0,20,19,27,19,10
22,K,Josh LamboK - SD,Josh Lamb,K,SD,19,0,19,20,14,20,22
23,K,Sebastian JanikowskiK - OAK,Sebastian Janikowsk,K,OAK,20,0,24,--,15,--,21
24,K,Dustin HopkinsK - WAS,Dustin Hopkin,K,WAS,20.2,0,21,18,24,18,20
25,K,Cody ParkeyK - PHI,Cody Parke,K,PHI,20.2,0,25,14,21,14,27
26,K,Matt PraterK - DET,Matt Prate,K,DET,20.6,0,13,21,20,21,28
27,K,Connor BarthK - NO,Connor Bart,K,NO,21.2,0,10,27,29,27,13
28,K,Andrew FranksK - MIA,Andrew Frank,K,MIA,22.2,0,28,24,17,24,18
29,K,Roberto AguayoK - TB,Roberto Aguay,K,TB,22.5,0,23,28,--,28,11
30,K,Patrick MurrayK - CLE,Patrick Murra,K,CLE,22.5,0,--,--,16,--,29
31,K,Josh ScobeeK,Josh Scobee,K,,23,0,--,23,--,23,--
32,K,Zach HockerK,Zach Hocker,K,,23.5,0,--,--,28,--,19
1,DEF,Seattle SeahawksDEF,Seattle Seahawks,DEF,,1,0,1,1,1,1,1
2,DEF,Denver BroncosDEF,Denver Broncos,DEF,,2.6,0,2,4,2,2,3
3,DEF,Arizona CardinalsDEF,Arizona Cardinals,DEF,,3,0,3,2,5,3,2
4,DEF,Houston TexansDEF,Houston Texans,DEF,,4.6,0,4,3,4,4,8
5,DEF,Kansas City ChiefsDEF,Kansas City Chiefs,DEF,,5.6,0,5,6,6,6,5
6,DEF,Carolina PanthersDEF,Carolina Panthers,DEF,,5.8,0,6,5,3,9,6
7,DEF,Cincinnati BengalsDEF,Cincinnati Bengals,DEF,,8.6,0,7,8,11,10,7
8,DEF,New England PatriotsDEF,New England Patriots,DEF,,8.6,0,8,9,9,5,12
9,DEF,Los Angeles RamsDEF,Los Angeles Rams,DEF,,9,0,13,7,8,8,9
10,DEF,Minnesota VikingsDEF,Minnesota Vikings,DEF,,9.2,0,12,10,7,13,4
11,DEF,Green Bay PackersDEF,Green Bay Packers,DEF,,11.8,0,11,13,12,12,11
12,DEF,New York JetsDEF,New York Jets,DEF,,13.2,0,10,12,15,14,15
13,DEF,Pittsburgh SteelersDEF,Pittsburgh Steelers,DEF,,13.8,0,24,11,10,11,13
14,DEF,Jacksonville JaguarsDEF,Jacksonville Jaguars,DEF,,14.4,0,15,15,13,19,10
15,DEF,Buffalo BillsDEF,Buffalo Bills,DEF,,15.8,0,14,14,20,15,16
16,DEF,Philadelphia EaglesDEF,Philadelphia Eagles,DEF,,16.8,0,23,17,14,16,14
17,DEF,Indianapolis ColtsDEF,Indianapolis Colts,DEF,,18.8,0,16,18,22,18,20
18,DEF,Tampa Bay BuccaneersDEF,Tampa Bay Buccaneers,DEF,,19,0,19,21,17,21,17
19,DEF,Washington RedskinsDEF,Washington Redskins,DEF,,19.25,0,20,22,--,7,28
20,DEF,New York GiantsDEF,New York Giants,DEF,,19.4,0,22,16,18,17,24
21,DEF,Oakland RaidersDEF,Oakland Raiders,DEF,,22.2,0,9,30,16,30,26
22,DEF,Baltimore RavensDEF,Baltimore Ravens,DEF,,22.2,0,17,23,21,23,27
23,DEF,Detroit LionsDEF,Detroit Lions,DEF,,22.4,0,21,19,27,20,25
24,DEF,Miami DolphinsDEF,Miami Dolphins,DEF,,22.6,0,26,20,23,22,22
25,DEF,Chicago BearsDEF,Chicago Bears,DEF,,22.75,0,18,27,19,27,--
26,DEF,Dallas CowboysDEF,Dallas Cowboys,DEF,,24.8,0,29,25,24,25,21
27,DEF,Atlanta FalconsDEF,Atlanta Falcons,DEF,,24.8,0,27,24,26,24,23
28,DEF,San Francisco 49ersDEF,San Francisco 49ers,DEF,,25,0,25,26,30,26,18
29,DEF,Cleveland BrownsDEF,Cleveland Browns,DEF,,26.8,0,30,28,29,28,19
30,DEF,San Diego ChargersDEF,San Diego Chargers,DEF,,27.67,0,--,29,25,29,--
31,DEF,Tennessee TitansDEF,Tennessee Titans,DEF,,28.67,0,28,--,28,--,30
32,DEF,New Orleans SaintsDEF,New Orleans Saints,DEF,,29,0,--,--,--,--,29
